Workbook

Sheet Summary
A1: ETC Lighting Controls Survey
A2: Levels B2-06
A3: Surveyed 2026-10-07 to 2026-10-09
A4: THIS SHEET IS NOT A SUBSTITUTE FOR THE SUBMITTAL DRAWINGS! PLEASE REFER TO SUBMITTALS BEFORE ACTING ON ANY NOTES IN THIS SHEET!
A6: Device status by floor
A7: Floor | B7: Surveyed | C7: Updated | D7: Installed, untested | E7: Issue | F7: Not installed | G7: No access | H7: Complete | I7: Total
A8: B2 | B8: 2026-10-09 | D8: =SUMPRODUCT((Devices!$A$4:$A$2000=$A8)*(Devices!$H$4:$H$2000=D$7)) -> 1 | E8: =SUMPRODUCT((Devices!$A$4:$A$2000=$A8)*(Devices!$H$4:$H$2000=E$7)) -> 3 | F8: =SUMPRODUCT((Devices!$A$4:$A$2000=$A8)*(Devices!$H$4:$H$2000=F$7)) -> 1 | G8: =SUMPRODUCT((Devices!$A$4:$A$2000=$A8)*(Devices!$H$4:$H$2000=G$7)) -> 0 | H8: =SUMPRODUCT((Devices!$A$4:$A$2000=$A8)*(Devices!$H$4:$H$2000=H$7)) -> 0 | I8: =SUM(D8:H8) -> 5
A9: B1 | B9: 2026-10-08 | D9: =SUMPRODUCT((Devices!$A$4:$A$2000=$A9)*(Devices!$H$4:$H$2000=D$7)) -> 6 | E9: =SUMPRODUCT((Devices!$A$4:$A$2000=$A9)*(Devices!$H$4:$H$2000=E$7)) -> 9 | F9: =SUMPRODUCT((Devices!$A$4:$A$2000=$A9)*(Devices!$H$4:$H$2000=F$7)) -> 12 | G9: =SUMPRODUCT((Devices!$A$4:$A$2000=$A9)*(Devices!$H$4:$H$2000=G$7)) -> 12 | H9: =SUMPRODUCT((Devices!$A$4:$A$2000=$A9)*(Devices!$H$4:$H$2000=H$7)) -> 0 | I9: =SUM(D9:H9) -> 39
A10: 01 | B10: 2026-10-07 | C10: 2026-10-08 | D10: =SUMPRODUCT((Devices!$A$4:$A$2000=$A10)*(Devices!$H$4:$H$2000=D$7)) -> 6 | E10: =SUMPRODUCT((Devices!$A$4:$A$2000=$A10)*(Devices!$H$4:$H$2000=E$7)) -> 7 | F10: =SUMPRODUCT((Devices!$A$4:$A$2000=$A10)*(Devices!$H$4:$H$2000=F$7)) -> 22 | G10: =SUMPRODUCT((Devices!$A$4:$A$2000=$A10)*(Devices!$H$4:$H$2000=G$7)) -> 1 | H10: =SUMPRODUCT((Devices!$A$4:$A$2000=$A10)*(Devices!$H$4:$H$2000=H$7)) -> 0 | I10: =SUM(D10:H10) -> 36
A11: 02 | B11: 2026-10-07 | C11: 2026-10-08 | D11: =SUMPRODUCT((Devices!$A$4:$A$2000=$A11)*(Devices!$H$4:$H$2000=D$7)) -> 26 | E11: =SUMPRODUCT((Devices!$A$4:$A$2000=$A11)*(Devices!$H$4:$H$2000=E$7)) -> 4 | F11: =SUMPRODUCT((Devices!$A$4:$A$2000=$A11)*(Devices!$H$4:$H$2000=F$7)) -> 15 | G11: =SUMPRODUCT((Devices!$A$4:$A$2000=$A11)*(Devices!$H$4:$H$2000=G$7)) -> 0 | H11: =SUMPRODUCT((Devices!$A$4:$A$2000=$A11)*(Devices!$H$4:$H$2000=H$7)) -> 0 | I11: =SUM(D11:H11) -> 45
A12: 03 | B12: 2026-10-07 | C12: 2026-10-08 | D12: =SUMPRODUCT((Devices!$A$4:$A$2000=$A12)*(Devices!$H$4:$H$2000=D$7)) -> 16 | E12: =SUMPRODUCT((Devices!$A$4:$A$2000=$A12)*(Devices!$H$4:$H$2000=E$7)) -> 9 | F12: =SUMPRODUCT((Devices!$A$4:$A$2000=$A12)*(Devices!$H$4:$H$2000=F$7)) -> 11 | G12: =SUMPRODUCT((Devices!$A$4:$A$2000=$A12)*(Devices!$H$4:$H$2000=G$7)) -> 0 | H12: =SUMPRODUCT((Devices!$A$4:$A$2000=$A12)*(Devices!$H$4:$H$2000=H$7)) -> 0 | I12: =SUM(D12:H12) -> 36
A13: 04 | B13: 2026-10-07 | C13: 2026-10-08 | D13: =SUMPRODUCT((Devices!$A$4:$A$2000=$A13)*(Devices!$H$4:$H$2000=D$7)) -> 2 | E13: =SUMPRODUCT((Devices!$A$4:$A$2000=$A13)*(Devices!$H$4:$H$2000=E$7)) -> 15 | F13: =SUMPRODUCT((Devices!$A$4:$A$2000=$A13)*(Devices!$H$4:$H$2000=F$7)) -> 14 | G13: =SUMPRODUCT((Devices!$A$4:$A$2000=$A13)*(Devices!$H$4:$H$2000=G$7)) -> 0 | H13: =SUMPRODUCT((Devices!$A$4:$A$2000=$A13)*(Devices!$H$4:$H$2000=H$7)) -> 0 | I13: =SUM(D13:H13) -> 31
A14: 06 | B14: 2026-10-07 | D14: =SUMPRODUCT((Devices!$A$4:$A$2000=$A14)*(Devices!$H$4:$H$2000=D$7)) -> 12 | E14: =SUMPRODUCT((Devices!$A$4:$A$2000=$A14)*(Devices!$H$4:$H$2000=E$7)) -> 0 | F14: =SUMPRODUCT((Devices!$A$4:$A$2000=$A14)*(Devices!$H$4:$H$2000=F$7)) -> 2 | G14: =SUMPRODUCT((Devices!$A$4:$A$2000=$A14)*(Devices!$H$4:$H$2000=G$7)) -> 0 | H14: =SUMPRODUCT((Devices!$A$4:$A$2000=$A14)*(Devices!$H$4:$H$2000=H$7)) -> 0 | I14: =SUM(D14:H14) -> 14
A15: 06M | B15: 2026-10-07 | D15: =SUMPRODUCT((Devices!$A$4:$A$2000=$A15)*(Devices!$H$4:$H$2000=D$7)) -> 1 | E15: =SUMPRODUCT((Devices!$A$4:$A$2000=$A15)*(Devices!$H$4:$H$2000=E$7)) -> 3 | F15: =SUMPRODUCT((Devices!$A$4:$A$2000=$A15)*(Devices!$H$4:$H$2000=F$7)) -> 0 | G15: =SUMPRODUCT((Devices!$A$4:$A$2000=$A15)*(Devices!$H$4:$H$2000=G$7)) -> 0 | H15: =SUMPRODUCT((Devices!$A$4:$A$2000=$A15)*(Devices!$H$4:$H$2000=H$7)) -> 0 | I15: =SUM(D15:H15) -> 4
A16: Total | D16: =SUM(D8:D15) -> 70 | E16: =SUM(E8:E15) -> 50 | F16: =SUM(F8:F15) -> 77 | G16: =SUM(G8:G15) -> 13 | H16: =SUM(H8:H15) -> 0 | I16: =SUM(I8:I15) -> 210
A18: Outstanding items by floor
A19: Floor | B19: Open | C19: In progress | D19: Closed | E19: Total
A20: B2 | B20: =SUMPRODUCT(('Punch List'!$A$4:$A$2000=$A20)*('Punch List'!$H$4:$H$2000=B$19)) -> 9 | C20: =SUMPRODUCT(('Punch List'!$A$4:$A$2000=$A20)*('Punch List'!$H$4:$H$2000=C$19)) -> 0 | D20: =SUMPRODUCT(('Punch List'!$A$4:$A$2000=$A20)*('Punch List'!$H$4:$H$2000=D$19)) -> 0 | E20: =SUM(B20:D20) -> 9
A21: B1 | B21: =SUMPRODUCT(('Punch List'!$A$4:$A$2000=$A21)*('Punch List'!$H$4:$H$2000=B$19)) -> 28 | C21: =SUMPRODUCT(('Punch List'!$A$4:$A$2000=$A21)*('Punch List'!$H$4:$H$2000=C$19)) -> 0 | D21: =SUMPRODUCT(('Punch List'!$A$4:$A$2000=$A21)*('Punch List'!$H$4:$H$2000=D$19)) -> 0 | E21: =SUM(B21:D21) -> 28
A22: 01 | B22: =SUMPRODUCT(('Punch List'!$A$4:$A$2000=$A22)*('Punch List'!$H$4:$H$2000=B$19)) -> 46 | C22: =SUMPRODUCT(('Punch List'!$A$4:$A$2000=$A22)*('Punch List'!$H$4:$H$2000=C$19)) -> 1 | D22: =SUMPRODUCT(('Punch List'!$A$4:$A$2000=$A22)*('Punch List'!$H$4:$H$2000=D$19)) -> 6 | E22: =SUM(B22:D22) -> 53
A23: 02 | B23: =SUMPRODUCT(('Punch List'!$A$4:$A$2000=$A23)*('Punch List'!$H$4:$H$2000=B$19)) -> 27 | C23: =SUMPRODUCT(('Punch List'!$A$4:$A$2000=$A23)*('Punch List'!$H$4:$H$2000=C$19)) -> 0 | D23: =SUMPRODUCT(('Punch List'!$A$4:$A$2000=$A23)*('Punch List'!$H$4:$H$2000=D$19)) -> 5 | E23: =SUM(B23:D23) -> 32
A24: 03 | B24: =SUMPRODUCT(('Punch List'!$A$4:$A$2000=$A24)*('Punch List'!$H$4:$H$2000=B$19)) -> 29 | C24: =SUMPRODUCT(('Punch List'!$A$4:$A$2000=$A24)*('Punch List'!$H$4:$H$2000=C$19)) -> 0 | D24: =SUMPRODUCT(('Punch List'!$A$4:$A$2000=$A24)*('Punch List'!$H$4:$H$2000=D$19)) -> 2 | E24: =SUM(B24:D24) -> 31
A25: 04 | B25: =SUMPRODUCT(('Punch List'!$A$4:$A$2000=$A25)*('Punch List'!$H$4:$H$2000=B$19)) -> 41 | C25: =SUMPRODUCT(('Punch List'!$A$4:$A$2000=$A25)*('Punch List'!$H$4:$H$2000=C$19)) -> 0 | D25: =SUMPRODUCT(('Punch List'!$A$4:$A$2000=$A25)*('Punch List'!$H$4:$H$2000=D$19)) -> 3 | E25: =SUM(B25:D25) -> 44
A26: 06 | B26: =SUMPRODUCT(('Punch List'!$A$4:$A$2000=$A26)*('Punch List'!$H$4:$H$2000=B$19)) -> 3 | C26: =SUMPRODUCT(('Punch List'!$A$4:$A$2000=$A26)*('Punch List'!$H$4:$H$2000=C$19)) -> 0 | D26: =SUMPRODUCT(('Punch List'!$A$4:$A$2000=$A26)*('Punch List'!$H$4:$H$2000=D$19)) -> 0 | E26: =SUM(B26:D26) -> 3
A27: 06M | B27: =SUMPRODUCT(('Punch List'!$A$4:$A$2000=$A27)*('Punch List'!$H$4:$H$2000=B$19)) -> 15 | C27: =SUMPRODUCT(('Punch List'!$A$4:$A$2000=$A27)*('Punch List'!$H$4:$H$2000=C$19)) -> 0 | D27: =SUMPRODUCT(('Punch List'!$A$4:$A$2000=$A27)*('Punch List'!$H$4:$H$2000=D$19)) -> 0 | E27: =SUM(B27:D27) -> 15
A28: Total | B28: =SUM(B20:B27) -> 198 | C28: =SUM(C20:C27) -> 1 | D28: =SUM(D20:D27) -> 16 | E28: =SUM(E20:E27) -> 215
A30: Outstanding items by owner
A31: Owner | B31: Open | C31: In progress | D31: Closed | E31: Total
A32: EC | B32: =SUMPRODUCT(('Punch List'!$G$4:$G$2000=$A32)*('Punch List'!$H$4:$H$2000=B$31)) -> 168 | C32: =SUMPRODUCT(('Punch List'!$G$4:$G$2000=$A32)*('Punch List'!$H$4:$H$2000=C$31)) -> 0 | D32: =SUMPRODUCT(('Punch List'!$G$4:$G$2000=$A32)*('Punch List'!$H$4:$H$2000=D$31)) -> 1 | E32: =SUM(B32:D32) -> 169
A33: ETC | B33: =SUMPRODUCT(('Punch List'!$G$4:$G$2000=$A33)*('Punch List'!$H$4:$H$2000=B$31)) -> 9 | C33: =SUMPRODUCT(('Punch List'!$G$4:$G$2000=$A33)*('Punch List'!$H$4:$H$2000=C$31)) -> 0 | D33: =SUMPRODUCT(('Punch List'!$G$4:$G$2000=$A33)*('Punch List'!$H$4:$H$2000=D$31)) -> 15 | E33: =SUM(B33:D33) -> 24
A34: EC/ETC | B34: =SUMPRODUCT(('Punch List'!$G$4:$G$2000=$A34)*('Punch List'!$H$4:$H$2000=B$31)) -> 21 | C34: =SUMPRODUCT(('Punch List'!$G$4:$G$2000=$A34)*('Punch List'!$H$4:$H$2000=C$31)) -> 1 | D34: =SUMPRODUCT(('Punch List'!$G$4:$G$2000=$A34)*('Punch List'!$H$4:$H$2000=D$31)) -> 0 | E34: =SUM(B34:D34) -> 22
A35: Total | B35: =SUM(B32:B34) -> 198 | C35: =SUM(C32:C34) -> 1 | D35: =SUM(D32:D34) -> 16 | E35: =SUM(E32:E34) -> 215
A42: Missing parts by floor
A43: Floor | B43: Needed | C43: Ordered | D43: On site | E43: Installed | F43: Total
A44: B2 | B44: =SUMPRODUCT(('Missing Parts'!$A$4:$A$2000=$A44)*('Missing Parts'!$I$4:$I$2000=B$43)) -> 3 | C44: =SUMPRODUCT(('Missing Parts'!$A$4:$A$2000=$A44)*('Missing Parts'!$I$4:$I$2000=C$43)) -> 0 | D44: =SUMPRODUCT(('Missing Parts'!$A$4:$A$2000=$A44)*('Missing Parts'!$I$4:$I$2000=D$43)) -> 0 | E44: =SUMPRODUCT(('Missing Parts'!$A$4:$A$2000=$A44)*('Missing Parts'!$I$4:$I$2000=E$43)) -> 0 | F44: =SUM(B44:E44) -> 3
A45: B1 | B45: =SUMPRODUCT(('Missing Parts'!$A$4:$A$2000=$A45)*('Missing Parts'!$I$4:$I$2000=B$43)) -> 8 | C45: =SUMPRODUCT(('Missing Parts'!$A$4:$A$2000=$A45)*('Missing Parts'!$I$4:$I$2000=C$43)) -> 0 | D45: =SUMPRODUCT(('Missing Parts'!$A$4:$A$2000=$A45)*('Missing Parts'!$I$4:$I$2000=D$43)) -> 0 | E45: =SUMPRODUCT(('Missing Parts'!$A$4:$A$2000=$A45)*('Missing Parts'!$I$4:$I$2000=E$43)) -> 0 | F45: =SUM(B45:E45) -> 8
A46: 01 | B46: =SUMPRODUCT(('Missing Parts'!$A$4:$A$2000=$A46)*('Missing Parts'!$I$4:$I$2000=B$43)) -> 17 | C46: =SUMPRODUCT(('Missing Parts'!$A$4:$A$2000=$A46)*('Missing Parts'!$I$4:$I$2000=C$43)) -> 0 | D46: =SUMPRODUCT(('Missing Parts'!$A$4:$A$2000=$A46)*('Missing Parts'!$I$4:$I$2000=D$43)) -> 1 | E46: =SUMPRODUCT(('Missing Parts'!$A$4:$A$2000=$A46)*('Missing Parts'!$I$4:$I$2000=E$43)) -> 2 | F46: =SUM(B46:E46) -> 20
A47: 02 | B47: =SUMPRODUCT(('Missing Parts'!$A$4:$A$2000=$A47)*('Missing Parts'!$I$4:$I$2000=B$43)) -> 10 | C47: =SUMPRODUCT(('Missing Parts'!$A$4:$A$2000=$A47)*('Missing Parts'!$I$4:$I$2000=C$43)) -> 0 | D47: =SUMPRODUCT(('Missing Parts'!$A$4:$A$2000=$A47)*('Missing Parts'!$I$4:$I$2000=D$43)) -> 0 | E47: =SUMPRODUCT(('Missing Parts'!$A$4:$A$2000=$A47)*('Missing Parts'!$I$4:$I$2000=E$43)) -> 0 | F47: =SUM(B47:E47) -> 10
A48: 03 | B48: =SUMPRODUCT(('Missing Parts'!$A$4:$A$2000=$A48)*('Missing Parts'!$I$4:$I$2000=B$43)) -> 16 | C48: =SUMPRODUCT(('Missing Parts'!$A$4:$A$2000=$A48)*('Missing Parts'!$I$4:$I$2000=C$43)) -> 0 | D48: =SUMPRODUCT(('Missing Parts'!$A$4:$A$2000=$A48)*('Missing Parts'!$I$4:$I$2000=D$43)) -> 0 | E48: =SUMPRODUCT(('Missing Parts'!$A$4:$A$2000=$A48)*('Missing Parts'!$I$4:$I$2000=E$43)) -> 0 | F48: =SUM(B48:E48) -> 16
A49: 04 | B49: =SUMPRODUCT(('Missing Parts'!$A$4:$A$2000=$A49)*('Missing Parts'!$I$4:$I$2000=B$43)) -> 12 | C49: =SUMPRODUCT(('Missing Parts'!$A$4:$A$2000=$A49)*('Missing Parts'!$I$4:$I$2000=C$43)) -> 0 | D49: =SUMPRODUCT(('Missing Parts'!$A$4:$A$2000=$A49)*('Missing Parts'!$I$4:$I$2000=D$43)) -> 1 | E49: =SUMPRODUCT(('Missing Parts'!$A$4:$A$2000=$A49)*('Missing Parts'!$I$4:$I$2000=E$43)) -> 0 | F49: =SUM(B49:E49) -> 13
A50: 06 | B50: =SUMPRODUCT(('Missing Parts'!$A$4:$A$2000=$A50)*('Missing Parts'!$I$4:$I$2000=B$43)) -> 2 | C50: =SUMPRODUCT(('Missing Parts'!$A$4:$A$2000=$A50)*('Missing Parts'!$I$4:$I$2000=C$43)) -> 0 | D50: =SUMPRODUCT(('Missing Parts'!$A$4:$A$2000=$A50)*('Missing Parts'!$I$4:$I$2000=D$43)) -> 0 | E50: =SUMPRODUCT(('Missing Parts'!$A$4:$A$2000=$A50)*('Missing Parts'!$I$4:$I$2000=E$43)) -> 0 | F50: =SUM(B50:E50) -> 2
A51: 06M | B51: =SUMPRODUCT(('Missing Parts'!$A$4:$A$2000=$A51)*('Missing Parts'!$I$4:$I$2000=B$43)) -> 13 | C51: =SUMPRODUCT(('Missing Parts'!$A$4:$A$2000=$A51)*('Missing Parts'!$I$4:$I$2000=C$43)) -> 0 | D51: =SUMPRODUCT(('Missing Parts'!$A$4:$A$2000=$A51)*('Missing Parts'!$I$4:$I$2000=D$43)) -> 0 | E51: =SUMPRODUCT(('Missing Parts'!$A$4:$A$2000=$A51)*('Missing Parts'!$I$4:$I$2000=E$43)) -> 0 | F51: =SUM(B51:E51) -> 13
A52: Total | B52: =SUM(B44:B51) -> 81 | C52: =SUM(C44:C51) -> 0 | D52: =SUM(D44:D51) -> 2 | E52: =SUM(E44:E51) -> 2 | F52: =SUM(F44:F51) -> 85

Sheet Devices
A1: Devices
A2: Levels B2-06
A3: Level | B3: ID | C3: Category | D3: Device | E3: Type | F3: Room / Location | G3: Drawing Position | H3: Status | I3: Notes | J3: Photo | K3: Floor Order
A4: B2 | B4: B2-01 | C4: Relay panel | D4: CTB2LCPB | E4: Echo ERP-FT-241P (24x20 relays) | F4: Elec XXB2-2E02 | G4: Grid B-C / 9-8 | H4: Issue | I4: 0-10V not run. DMX run, not terminated. Network and 4x Unison wires land in ERP; need to be run down to the P-NSPS-D. | J4: 1 | K4: 1
A5: B2 | B5: B2-02 | C5: EBDK | D5: EBDK | E5: Emergency Bypass Detection Kit (CTB2LCPB) | F5: Elec XXB2-2E02 | G5: Grid C / 9-8 | H5: Installed, untested | K5: 1
A6: B2 | B6: B2-03 | C6: NSPS | D6: P-NSPS-D-KIT | E6: Paradigm network station power supply | F6: Elec XXB2-2E02 | G6: Grid B-C / 9-8 | H6: Issue | I6: Missing 48V jumper from power supply to NSPS. 120V not run to NSPS power supply. | J6: 2 | K6: 1
A7: B2 | B7: B2-S1 | C7: Station | D7: PI1002 | E7: Paradigm Inspire 2-button station | F7: Elevator Lobby B XXB2-C003, east | G7: Grid C / 9.5-9 | H7: Issue | I7: Missing cover. | J7: 3 | K7: 1
A8: B2 | B8: B2-D1 | C8: Sensor | D8: P-DOC-C-LR | E8: Paradigm ceiling occupancy sensor | F8: Elevator Lobby B XXB2-C003 | G8: Grid B-C / 9.5-9 | H8: Not installed | I8: Not Installed - box present. | J8: 4 | K8: 1
A9: B1 | B9: B1-01 | C9: Relay panel | D9: CTB1LCPB | E9: Echo ERP-FT-241P (24x20 relays) | F9: Elec WTB1-1E01; moved from Elec XXB1-2E02 | G9: WT Grid C.-D. / 4.-3 | H9: Issue | I9: Missing ERP-RTO jumper. Panel loads not landed. 0-10V not run. Both DMX run, not terminated. | J9: 1 | K9: 2
A10: B1 | B10: B1-02 | C10: EBDK | D10: EBDK | E10: Emergency Bypass Detection Kit (CTB1LCPB) | F10: Elec WTB1-1E01; moved from Elec XXB1-2E02 | G10: WT Grid C.-D. / 4.-3 | H10: Issue | I10: No sense feed. | J10: 1 | K10: 2
A11: B1 | B11: B1-S1 | C11: Station | D11: PI1002 | E11: Paradigm Inspire 2-button station | F11: Elevator Lobby B XXB1-C003, east | G11: Grid C / 9.5-9 | H11: Not installed | I11: Not Installed - no box. | K11: 2
A12: B1 | B12: B1-S2 | C12: Station | D12: PI1002 | E12: Paradigm Inspire 2-button station | F12: Corridor XXB1-C007 at Stair F XXB1-3S02 | G12: Grid A-B / 7 | H12: Not installed | I12: Not Installed - box present with wire. | J12: 4 | K12: 2
A13: B1 | B13: B1-S3 | C13: Station | D13: PI1002 | E13: Paradigm Inspire 2-button station | F13: Corridor XXB1-C005, north | G13: Grid E-F / 6.6-6.4 | H13: Issue | I13: Missing cover. | J13: 9, 10 | K13: 2
A14: B1 | B14: B1-S4 | C14: Station | D14: PI1002 | E14: Paradigm Inspire 2-button station | F14: Corridor XXB1-C005, south | G14: Grid E-F / 6.4-5.5 | H14: Issue | I14: Missing cover. | J14: 11 | K14: 2
A15: B1 | B15: B1-S5 | C15: Station | D15: PI1002 | E15: Paradigm Inspire 2-button station | F15: Elevator Lobby C XXB1-C002 | G15: Grid F / 6.4-5.5 | H15: Issue | I15: Missing cover. | K15: 2
A16: B1 | B16: B1-S6 | C16: Station | D16: PI1002 | E16: Paradigm Inspire 2-button station | F16: Corridor XXB1-C004 at IDF XXB1-1I05 | G16: Grid East of G / 6.6 | H16: Issue | I16: Missing cover. | K16: 2
A17: B1 | B17: B1-S7 | C17: Station | D17: PI1002 | E17: Paradigm Inspire 2-button station | F17: Corridor XXB1-C008, west | G17: Grid East of G / 6.6-6.4 | H17: Issue | I17: Missing cover. | K17: 2
A18: B1 | B18: B1-S8 | C18: Station | D18: PI1002 | E18: Paradigm Inspire 2-button station | F18: Corridor XXB1-C008, east at Gas Cyldr XXB1-1002 | G18: Grid East of G / 6.6 | H18: Issue | I18: Missing cover. | K18: 2
A19: B1 | B19: B1-S9 | C19: Station | D19: PI1002 | E19: Paradigm Inspire 2-button station | F19: Corridor at Drinking Fountain XXB1-1004 | G19: Grid East of G / 5.5 | H19: Issue | I19: Missing cover. | K19: 2
A20: B1 | B20: B1-S10 | C20: Station | D20: PI1002 | E20: Paradigm Inspire 2-button station | F20: Corridor WTB1-C016, north | G20: WT Grid C.-D. / 6.-5. | H20: No access | I20: Blocked by Walter Tower barricade. | K20: 2
A21: B1 | B21: B1-S11 | C21: Station | D21: PI1002 | E21: Paradigm Inspire 2-button station | F21: Corridor WTB1-C011, west | G21: WT Grid D.-E. / 6. | H21: No access | I21: Blocked by Walter Tower barricade. | K21: 2
A22: B1 | B22: B1-S12 | C22: Station | D22: PI1002 | E22: Paradigm Inspire 2-button station | F22: Corridor WTB1-C012 | G22: WT Grid E.-F. / 6.-5. | H22: No access | I22: Blocked by Walter Tower barricade. | K22: 2
A23: B1 | B23: B1-S13 | C23: Station | D23: PI1002 | E23: Paradigm Inspire 2-button station | F23: Fire Protection Closet WTB1-2008 | G23: WT Grid H.-J. / 6. | H23: No access | I23: Blocked by Walter Tower barricade. | K23: 2
A24: B1 | B24: B1-S14 | C24: Station | D24: PI1002 | E24: Paradigm Inspire 2-button station | F24: Corridor WTB1-C016 at Elec WTB1-1E01 | G24: WT Grid C.-D. / 3.-2. | H24: No access | I24: Blocked by Walter Tower barricade. | K24: 2
A25: B1 | B25: B1-S15 | C25: Station | D25: PI1002 | E25: Paradigm Inspire 2-button station | F25: Passage WTB1-C017 at Elec WTB1-1E01 | G25: WT Grid C.-D. / 3.-2. | H25: Installed, untested | K25: 2
A26: B1 | B26: B1-S16 | C26: Station | D26: PI1002 | E26: Paradigm Inspire 2-button station | F26: EVS Check-In Alcove WTB1-2044 | G26: WT Grid A.-B. / 4.-3. | H26: Installed, untested | K26: 2
A27: B1 | B27: B1-D1 | C27: Sensor | D27: P-DOC-W | E27: Paradigm wall occupancy sensor | F27: Corridor XXB1-C009 at Water Meter XXB1-3WM01 | G27: Grid B-C / 13-12.8 | H27: Not installed | I27: Not Installed - box present. | J27: 2 | K27: 2
A28: B1 | B28: B1-D2 | C28: Sensor | D28: P-DOC-W | E28: Paradigm wall occupancy sensor | F28: Corridor XXB1-C009 at Fan Room XXB1-2F01 | G28: Grid C-D / 13-12.8 | H28: Not installed | I28: Not Installed - box present. | J28: 3 | K28: 2
A29: B1 | B29: B1-D3 | C29: Sensor | D29: P-DOC-W | E29: Paradigm wall occupancy sensor | F29: Elevator Lobby B XXB1-C003, west | G29: Grid B / 9.5-9 | H29: Not installed | I29: Not Installed - no box. | K29: 2
A30: B1 | B30: B1-D4 | C30: Sensor | D30: P-DOC-C-LR | E30: Paradigm ceiling occupancy sensor | F30: Elevator Lobby B XXB1-C003 | G30: Grid B-C / 9.5-9 | H30: Not installed | I30: Not Installed - no box. | K30: 2
A31: B1 | B31: B1-D5 | C31: Sensor | D31: P-DOC-W | E31: Paradigm wall occupancy sensor | F31: Corridor XXB1-C007, north | G31: Grid A-B / 6.8 | H31: Not installed | I31: Not Installed - box present. | J31: 5 | K31: 2
A32: B1 | B32: B1-D6 | C32: Sensor | D32: P-DOC-W | E32: Paradigm wall occupancy sensor | F32: Corridor XXB1-C007, south at Confident Waste XXB1-3017 | G32: Grid A-B / 5.5 | H32: Not installed | I32: Not Installed - box present. | J32: 6 | K32: 2
A33: B1 | B33: B1-D7 | C33: Sensor | D33: P-DOC-W | E33: Paradigm wall occupancy sensor | F33: Corridor XXB1-C006 at Cart Wash XXB1-3007 | G33: Grid C-D / 5.5 | H33: Not installed | I33: Not Installed - box present. | J33: 7 | K33: 2
A34: B1 | B34: B1-D8 | C34: Sensor | D34: P-DOC-W | E34: Paradigm wall occupancy sensor | F34: Corridor XXB1-C006 at Trash Compactor XXB1-2TC01 | G34: Grid D-E / 5.5 | H34: Not installed | I34: Not Installed - box present. | J34: 8 | K34: 2
A35: B1 | B35: B1-D9 | C35: Sensor | D35: P-DOC-W | E35: Paradigm wall occupancy sensor | F35: Corridor XXB1-C005 at Elevator CT-C1 | G35: Grid E-F / 5.5 | H35: Installed, untested | K35: 2
A36: B1 | B36: B1-D10 | C36: Sensor | D36: P-DOC-C-LR | E36: Paradigm ceiling occupancy sensor | F36: Corridor XXB1-C005 | G36: Grid E-F / 6.6-6.4 | H36: Installed, untested | K36: 2
A37: B1 | B37: B1-D11 | C37: Sensor | D37: P-DOC-C-LR | E37: Paradigm ceiling occupancy sensor | F37: Elevator Lobby C XXB1-C002 | G37: Grid F / 6.4-5.5 | H37: Installed, untested | K37: 2
A38: B1 | B38: B1-D12 | C38: Sensor | D38: P-DOC-C-LR | E38: Paradigm ceiling occupancy sensor | F38: Corridor XXB1-C004 at IDF XXB1-1I05 | G38: Grid East of G / 6.6-6.4 | H38: Installed, untested | K38: 2
A39: B1 | B39: B1-D13 | C39: Sensor | D39: P-DOC-C-LR | E39: Paradigm ceiling occupancy sensor | F39: Corridor XXB1-C008, west | G39: Grid East of G / 6.6-6.4 | H39: Not installed | I39: Not Installed. | J39: 12 | K39: 2
A40: B1 | B40: B1-D14 | C40: Sensor | D40: P-DOC-C-LR | E40: Paradigm ceiling occupancy sensor | F40: Corridor XXB1-C008, east at Gas Cyldr XXB1-1002 | G40: Grid East of G / 6.6-6.4 | H40: Not installed | I40: Not Installed. | K40: 2
A41: B1 | B41: B1-D15 | C41: Sensor | D41: P-DOC-C-LR | E41: Paradigm ceiling occupancy sensor | F41: Corridor WTB1-C010 at Corridor WTB1-C016 | G41: WT Grid C.-D. / 6.-5. | H41: No access | I41: Blocked by Walter Tower barricade. | K41: 2
A42: B1 | B42: B1-D16 | C42: Sensor | D42: P-DOC-C-LR | E42: Paradigm ceiling occupancy sensor | F42: Corridor WTB1-C011, west | G42: WT Grid D.-E. / 6.-5. | H42: No access | I42: Blocked by Walter Tower barricade. | K42: 2
A43: B1 | B43: B1-D17 | C43: Sensor | D43: P-DOC-C-LR | E43: Paradigm ceiling occupancy sensor | F43: Corridor WTB1-C011 at Corridor WTB1-C012 | G43: WT Grid E.-F. / 6.-5. | H43: No access | I43: Blocked by Walter Tower barricade. | K43: 2
A44: B1 | B44: B1-D18 | C44: Sensor | D44: P-DOC-C-LR | E44: Paradigm ceiling occupancy sensor | F44: Corridor WTB1-C011, east | G44: WT Grid G.-H. / 6.-5. | H44: No access | I44: Blocked by Walter Tower barricade. | K44: 2
A45: B1 | B45: B1-D19 | C45: Sensor | D45: P-DOC-C-LR | E45: Paradigm ceiling occupancy sensor | F45: Corridor WTB1-C016, north | G45: WT Grid C.-D. / 6.-5. | H45: No access | I45: Blocked by Walter Tower barricade. | K45: 2
A46: B1 | B46: B1-D20 | C46: Sensor | D46: P-DOC-C-LR | E46: Paradigm ceiling occupancy sensor | F46: Corridor WTB1-C016 | G46: WT Grid C.-D. / 5.-4. | H46: No access | I46: Blocked by Walter Tower barricade. | K46: 2
A47: B1 | B47: B1-D21 | C47: Sensor | D47: P-DOC-C-LR | E47: Paradigm ceiling occupancy sensor | F47: Corridor WTB1-C016 at Elec WTB1-1E01 | G47: WT Grid C.-D. / 4.-3. | H47: No access | I47: Blocked by Walter Tower barricade. | K47: 2
A48: 01 | B48: 01-01 | C48: Relay panel | D48: CT01LCPB | E48: Echo ERP-FT-481P (48x20 relays) | F48: Elec XX01-1E02 | G48: Grid F-G / 8 | H48: Issue | I48: Missing 1x ERP-RTO jumper, 1x ERP-FT-LVD (0-10V card). 0-10V not landed. | J48: 14 | K48: 3
A49: 01 | B49: 01-02 | C49: EBDK | D49: EBDK | E49: Emergency Bypass Detection Kit (CT01LCPB) | F49: Elec XX01-1E02 | G49: Grid F-G / 8-7.5 | H49: Installed, untested | K49: 3
A50: 01 | B50: 01-03 | C50: Relay panel | D50: CT01LCPA | E50: Echo ERP-FT-481P (48x20 relays) | F50: Elec XX01-1E01 | G50: Grid E / 7.5 | H50: Issue | I50: Missing 1x ERP-FT-LVD (0-10V card). 0-10V run, not terminated | J50: 15 | K50: 3
A51: 01 | B51: 01-04 | C51: EBDK | D51: EBDK | E51: Emergency Bypass Detection Kit (CT01LCPA) | F51: Elec XX01-1E01 | G51: Grid E-F / 7.5 | H51: Installed, untested | J51: 15 | K51: 3
A52: 01 | B52: 01-05 | C52: Equipment rack | D52: Equipment Rack 18U | E52: Unison ERn4-RM rack (2x P-ACP, 2x P-SPM-E, Mosaic MSCX-10, switch, UPS) | F52: Elec WT01-1E02 | G52: Grid F-G / south of 5; moved | H52: Issue | I52: Missing 1x 1U brush panel, 1x SGM1612 & 1x SGN1021. Run to rack: 3 DMX, 2 net, 1 ground, 1 fiber; 120V run and terminated but box not secured. | J52: 12, 13 | K52: 3
A53: 01 | B53: 01-06 | C53: Touchscreen | D53: P-TS7-E | E53: Paradigm 7in touchscreen | F53: Info Desk WT01-1046 | G53: Grid East of H / 10-9.5 | H53: Not installed | I53: Not Installed. | K53: 3
A54: 01 | B54: 01-07 | C54: Foundry panel | D54: UFMP4 | E54: Foundry 4-circuit panel | F54: Vest WT01-1044 | G54: Grid East of H / 10 | H54: Not installed | I54: Not Installed. | K54: 3
A55: 01 | B55: 01-08 | C55: Foundry panel | D55: UFMP4 | E55: Foundry 4-circuit panel | F55: BH OBS RM 47 WT01-2027 | G55: Grid East of H / 9.5-9 | H55: Not installed | I55: Not Installed. | K55: 3
A56: 01 | B56: 01-09 | C56: Foundry panel | D56: UFMP4 | E56: Foundry 4-circuit panel | F56: BH OBS RM 48 WT01-2010 | G56: Grid East of H / 9 | H56: Not installed | I56: Not Installed. | K56: 3
A57: 01 | B57: 01-10 | C57: Foundry panel | D57: UFMP4 | E57: Foundry 4-circuit panel | F57: BH OBS RM 49 WT01-2008 | G57: Grid East of H / 9-8 | H57: Not installed | I57: Not Installed; unit mounted above ceiling, but not installed otherwise. | J57: 5 | K57: 3
A58: 01 | B58: 01-11 | C58: Foundry panel | D58: UFMP4 | E58: Foundry 4-circuit panel | F58: BH OBS RM 50 WT01-2006 | G58: Grid East of H / 9-8 | H58: Not installed | I58: Not Installed; unit mounted above ceiling, but not installed otherwise. | K58: 3
A59: 01 | B59: 01-12 | C59: Foundry panel | D59: UFMP4 | E59: Foundry 4-circuit panel | F59: BH OBS RM 51 WT01-2004 | G59: Grid East of H / 8 | H59: Not installed | I59: Not Installed; unit mounted above ceiling, but not installed otherwise. | K59: 3
A60: 01 | B60: 01-13 | C60: Foundry panel | D60: UFMP4 | E60: Foundry 4-circuit panel | F60: BH OBS RM 52 WT01-2002 | G60: Grid East of H / 8-7.5 | H60: Not installed | I60: Not Installed; unit mounted above ceiling, but not installed otherwise. | K60: 3
A61: 01 | B61: 01-S1 | C61: Station | D61: PI1104 | E61: Paradigm Inspire 4-button station w/ fader | F61: NS XX01-2017 | G61: Grid D-E / 10 | H61: Installed, untested | K61: 3
A62: 01 | B62: 01-S2 | C62: Station | D62: PI1002 | E62: Paradigm Inspire 2-button station | F62: Corridor XX01-C018 at Tlt. Pub XX01-2014 | G62: Grid C-D / 10-9.5 | H62: Issue | I62: Wire nuts. | K62: 3
A63: 01 | B63: 01-S3 | C63: Station | D63: PI1002 | E63: Paradigm Inspire 2-button station | F63: Alc. Stretcher XX01-2022 / Corridor XX01-C016 | G63: Grid C-D / 9.5-9 | H63: Installed, untested | K63: 3
A64: 01 | B64: 01-S4 | C64: Station | D64: PI1104 | E64: Paradigm Inspire 4-button station w/ fader | F64: Discharge XX01-2106 | G64: Grid E-F / 10-9.5 | H64: Issue | I64: Wire nuts. | K64: 3
A65: 01 | B65: 01-S5 | C65: Station | D65: PI1104 | E65: Paradigm Inspire 4-button station w/ fader | F65: Info Desk WT01-1046 / WC Storage WT01-1045 | G65: Grid East of H / 10-9.5 | H65: Not installed | I65: Not Installed - no box; wire out of stone wall. | J65: 9 | K65: 3
A66: 01 | B66: 01-S6 | C66: Station | D66: PI1002 | E66: Paradigm Inspire 2-button station | F66: Humidifier Closet WT01-2033 | G66: Grid East of H / 10-9.5 | H66: No access | I66: Blocked by Walter Tower barricade. | K66: 3
A67: 01 | B67: 01-S7 | C67: Station | D67: PI1104 | E67: Paradigm Inspire 4-button station w/ fader | F67: BH OBS RM 47 WT01-2027 | G67: Grid East of H / 9.5-9 | H67: Not installed | I67: Not Installed. | K67: 3
A68: 01 | B68: 01-S8 | C68: Station | D68: PI1104 | E68: Paradigm Inspire 4-button station w/ fader | F68: Passageway WT01-C022 at BH OBS RM 48 | G68: Grid East of H / 9 | H68: Not installed | I68: Not Installed; 3-gang box for 1-gang switch. | J68: 6 | K68: 3
A69: 01 | B69: 01-S9 | C69: Station | D69: PI1104 | E69: Paradigm Inspire 4-button station w/ fader | F69: Passageway WT01-C022 at BH OBS RM 49 | G69: Grid East of H / 9-8 | H69: Not installed | I69: Not Installed; 3-gang box for 1-gang switch. | J69: 6 | K69: 3
A70: 01 | B70: 01-S10 | C70: Station | D70: PI1104 | E70: Paradigm Inspire 4-button station w/ fader | F70: Passageway WT01-C022 at BH OBS RM 50 | G70: Grid East of H / 9-8 | H70: Not installed | I70: Not Installed; 3-gang box for 1-gang switch. | J70: 6 | K70: 3
A71: 01 | B71: 01-S11 | C71: Station | D71: PI1104 | E71: Paradigm Inspire 4-button station w/ fader | F71: Passageway WT01-C022 at BH OBS RM 51 | G71: Grid East of H / 8 | H71: Not installed | I71: Not Installed; 3-gang box for 1-gang switch. | J71: 6 | K71: 3
A72: 01 | B72: 01-S12 | C72: Station | D72: PI1104 | E72: Paradigm Inspire 4-button station w/ fader | F72: Passageway WT01-C022 at BH OBS RM 52 | G72: Grid East of H / 8-7.5 | H72: Not installed | I72: Not Installed; 3-gang box for 1-gang switch. | J72: 6 | K72: 3
A73: 01 | B73: 01-S13 | C73: Station | D73: PI1104 | E73: Paradigm Inspire 4-button station w/ fader | F73: ALC. HW WT01-C024A | G73: Grid East of H / 9-8 | H73: Not installed | I73: Not Installed - box present. | J73: 4 | K73: 3
A74: 01 | B74: 01-S14 | C74: Station | D74: PI1104 | E74: Paradigm Inspire 4-button station w/ fader | F74: Passageway WT01-C023 west | G74: Grid East of H / 9-8 | H74: Not installed | I74: Not Installed - box present. | J74: 7 | K74: 3
A75: 01 | B75: 01-S15 | C75: Station | D75: PI1104 | E75: Paradigm Inspire 4-button station w/ fader | F75: Hydra XX01-3137 | G75: Grid D-E / 9-8 | H75: Issue | I75: Wire nuts. | J75: 1 | K75: 3
A76: 01 | B76: 01-S16 | C76: Station | D76: PI1004 | E76: Paradigm Inspire 4-button station | F76: Corridor XX01-C015 | G76: Grid E-F / 9-8 | H76: Not installed | I76: Not Installed - blank plate on box. | J76: 3 | K76: 3
A77: 01 | B77: 01-S17 | C77: Station | D77: PI1104 | E77: Paradigm Inspire 4-button station w/ fader | F77: Exam Rm 11 XX01-3111 | G77: Grid D-E / 6.8 | H77: Installed, untested | K77: 3
A78: 01 | B78: 01-S18 | C78: Station | D78: PI1004 | E78: Paradigm Inspire 4-button station | F78: SLD HLD WT01-2001 | G78: Grid East of H / 6.6 | H78: Not installed | I78: Not installed, box installed, wire present, no ground. | J78: 11 | K78: 3
A79: 01 | B79: 01-S19 | C79: Station | D79: PI1002 | E79: Paradigm Inspire 2-button station | F79: Corridor XX01-C004 | G79: Grid F / 6.4 | H79: Issue | I79: Wire nuts. | J79: 2 | K79: 3
A80: 01 | B80: 01-S20 | C80: Station | D80: PI1104 | E80: Paradigm Inspire 4-button station w/ fader | F80: NS WT01-2101 | G80: Grid H / 6.4 | H80: Not installed | I80: Not installed, box installed, wire present, no ground. | J80: 10 | K80: 3
A81: 01 | B81: 01-S21 | C81: Station | D81: PI1002 | E81: Paradigm Inspire 2-button station | F81: Passage XX01-C005A / Tlt. Pat XX01-3116T | G81: Grid D / 5.2 | H81: Installed, untested | K81: 3
A82: 01 | B82: 01-S22 | C82: Station | D82: PI1104 | E82: Paradigm Inspire 4-button station w/ fader | F82: Tlt. Pat Stf WT01-2161 / ALC. HW WT01-C032B | G82: Grid East of H / south of 5 | H82: Not installed | I82: Not Installed - box present. | J82: 8 | K82: 3
A83: 01 | B83: 01-D1 | C83: Sensor | D83: P-DOC-C-LR | E83: Paradigm ceiling occupancy sensor | F83: Elevator Lobby C XX01-C002 | G83: Grid F / 5.2 | H83: Not installed | I83: Not Installed. | K83: 3
A84: 02 | B84: 02-01 | C84: Relay panel | D84: CT02LCPA | E84: Echo ERP-FT-241P (24x20 relays) | F84: Elec XX02-1E01 | G84: Grid E / 7.5 | H84: Issue | I84: 0-10V run not terminated, one DMX run not terminated, one DMX missing (unknown which) | J84: 6 | K84: 4
A85: 02 | B85: 02-02 | C85: EBDK | D85: EBDK | E85: Emergency Bypass Detection Kit (CT02LCPA) | F85: Elec XX02-1E01 | G85: Grid E-F / 7.5 | H85: Issue | I85: No sense feed. | J85: 6 | K85: 4
A86: 02 | B86: 02-03 | C86: NSPS | D86: P-NSPS-D-KIT | E86: Paradigm network station power supply | F86: Elec XX02-1E01 | G86: Grid E / 7.5 | H86: Not installed | I86: Not Installed. No Unison wire in Elec XX02-1E01. | K86: 4
A87: 02 | B87: 02-04 | C87: Relay panel | D87: CT02LCPB | E87: Echo ERP-FT-241P (24x20 relays) | F87: Elec XX02-1E02 | G87: Grid E-F / 8-7.5 | H87: Issue | I87: 0-10V not run. 2 DMX runs to terminate; 1 net run from lvl 1 for what? | J87: 1, 5 | K87: 4
A88: 02 | B88: 02-05 | C88: EBDK | D88: EBDK | E88: Emergency Bypass Detection Kit (CT02LCPB) | F88: Elec XX02-1E02 | G88: Grid F / 8-7.5 | H88: Installed, untested | J88: 5 | K88: 4
A89: 02 | B89: 02-06 | C89: Foundry panel | D89: UFMP4 | E89: Foundry 4-circuit panel | F89: Elec XX02-1E02 | G89: Grid F / 8-7.5 | H89: Not installed | I89: Not Installed. | K89: 4
A90: 02 | B90: 02-S1 | C90: Station | D90: PI1002 | E90: Paradigm Inspire 2-button station | F90: Corridor at Pre-Action XX02-2P01 | G90: Grid C / 9.5-9; west end | H90: Not installed | I90: Not Installed. | K90: 4
A91: 02 | B91: 02-S2 | C91: Station | D91: PI1002 | E91: Paradigm Inspire 2-button station | F91: Reception XX02-2009 | G91: Grid C-D / 9 | H91: Issue | I91: Stuck buttons. | K91: 4
A92: 02 | B92: 02-S3 | C92: Station | D92: PI1002 | E92: Paradigm Inspire 2-button station | F92: Corridor XX02-C008 | G92: Grid C-D / 9; south of Pre-Action | H92: Installed, untested | K92: 4
A93: 02 | B93: 02-S4 | C93: Station | D93: PI1002 | E93: Paradigm Inspire 2-button station | F93: Corridor at Tlt. Pub (M) XX02-1008 | G93: Grid F / 9 | H93: Installed, untested | K93: 4
A94: 02 | B94: 02-S5 | C94: Station | D94: PI1002 | E94: Paradigm Inspire 2-button station | F94: Central Supply WT02-2033 | G94: Grid East of H / 9-8; west wall | H94: Not installed | I94: Not Installed. | K94: 4
A95: 02 | B95: 02-S6 | C95: Station | D95: PI1002 | E95: Paradigm Inspire 2-button station | F95: Central Supply WT02-2033 | G95: Grid East of H / 9-8; east wall | H95: Installed, untested | K95: 4
A96: 02 | B96: 02-S7 | C96: Station | D96: PI1002 | E96: Paradigm Inspire 2-button station | F96: Central Supply WT02-2033 | G96: Grid East of H / 8-7.5; south | H96: Installed, untested | K96: 4
A97: 02 | B97: 02-S8 | C97: Station | D97: PI1002 | E97: Paradigm Inspire 2-button station | F97: Corridor XX02-C005 at IDF XX02-2I01 | G97: Grid D-E / 8-7.5 | H97: Installed, untested | K97: 4
A98: 02 | B98: 02-S9 | C98: Station | D98: PI1002 | E98: Paradigm Inspire 2-button station | F98: Corridor at Tlt. Stf XX02-1020 / Elec XX02-1E01 door | G98: Grid E-F / 7.5 | H98: Installed, untested | J98: 2 | K98: 4
A99: 02 | B99: 02-S10 | C99: Station | D99: PI1002 | E99: Paradigm Inspire 2-button station | F99: Corridor XX02-C007 at Med Gas XX02-3018 | G99: Grid A-B / 7.5 | H99: Installed, untested | K99: 4
A100: 02 | B100: 02-S11 | C100: Station | D100: PI1002 | E100: Paradigm Inspire 2-button station | F100: Elevator Lobby A XX02-C001 | G100: Grid G / 7.5-7 | H100: Not installed | I100: Not installed, no box | J100: 4 | K100: 4
...

Sheet Connections
A1: Connections
A2: Levels B2-06
A3: Level | B3: ID | C3: From | D3: Cable | E3: To | F3: Qty | G3: Status | H3: Note | I3: Floor Order
A4: B2 | B4: C-01 | C4: CTB2LCPB | D4: X | E4: DMX to Level B1 CTB1LCPB | F4: 1 | G4: Issue | H4: Run, not terminated; no term kit. Survey drawing showed Level 01 | I4: 1
A5: B2 | B5: C-02 | C5: CTB2LCPB | D5: 0-10V | E5: Fixtures | F5: 1 | G5: Not installed | H5: Not run | I5: 1
A6: B2 | B6: C-03 | C6: CTB2LCPB | D6: P | E6: EBDK panic wire | F6: 1 | G6: Installed, untested | I6: 1
A7: B2 | B7: C-04 | C7: 120v Power | D7: 120V | E7: P-NSPS-D Power Supply | F7: 1 | G7: Not installed | H7: Not run | I7: 1
A8: B2 | B8: C-05 | C8: P-NSPS-D | D8: N | E8: Network to Level 01 | F8: 1 | G8: Issue | H8: Lands in ERP; needs to be run down to the NSPS below it | I8: 1
A9: B2 | B9: C-06 | C9: P-NSPS-D | D9: U | E9: Unison to Level B1 Devices | F9: 1 | G9: Issue | H9: Lands in ERP? (Not labeled); needs to be run down to the NSPS below it | I9: 1
A10: B2 | B10: C-07 | C10: Stations & Sensors | D10: U | E10: B2 Devices to P-NSPS-D | G10: Issue | H10: Lands in ERP; needs to be run down to the NSPS below it | I10: 1
A11: B2 | B11: C-08 | C11: P-NSPS-D | D11: U | E11: Unison from B2 station & sensor | G11: Issue | H11: Lands in ERP; needs to be run down to the NSPS below it | I11: 1
A12: B1 | B12: C-01 | C12: CTB1LCPB | D12: X | E12: DMX to Level 01 | F12: 1 | G12: Issue | H12: Run, not terminated; no term kit | I12: 2
A13: B1 | B13: C-02 | C13: CTB1LCPB | D13: X | E13: DMX to Level B2 | F13: 1 | G13: Issue | H13: Run, not terminated; no term kit | I13: 2
A14: B1 | B14: C-03 | C14: CTB1LCPB | D14: 0-10V | E14: Fixtures | F14: 1 | G14: Not installed | H14: Not run | I14: 2
A15: B1 | B15: C-04 | C15: CTB1LCPB | D15: P | E15: EBDK panic wire | F15: 1 | G15: Installed, untested | I15: 2
A16: B1 | B16: C-05 | C16: Stations & Sensors | D16: U | E16: Unison to Level B2 ERP | F16: 1 | G16: Issue | H16: Lands in B2 ERP; needs to be run down to the NSPS below it | I16: 2
A17: 01 | B17: C-01 | C17: CT01LCPB | D17: X | E17: DMX to Level 02 UFMP4 | F17: 1 | G17: Installed, untested | H17: Terminated, untested | I17: 3
A18: 01 | B18: C-02 | C18: CT01LCPB | D18: X | E18: DMX to Equipment rack | F18: 1 | G18: Installed, untested | H18: Terminated, untested | I18: 3
A19: 01 | B19: C-03 | C19: CT01LCPB | D19: 0-10V | E19: Fixtures | F19: 1 | G19: Issue | H19: Run, not terminated | I19: 3
A20: 01 | B20: C-04 | C20: CT01LCPB | D20: P | E20: EBDK panic wire | F20: 1 | G20: Installed, untested | I20: 3
A21: 01 | B21: C-05 | C21: CT01LCPA | D21: X | E21: DMX to Level 02 | F21: 1 | G21: Installed, untested | H21: Terminated, untested | I21: 3
A22: 01 | B22: C-06 | C22: CT01LCPA | D22: X | E22: DMX to Equipment rack | F22: 1 | G22: Installed, untested | H22: Terminated, untested | I22: 3
A23: 01 | B23: C-07 | C23: CT01LCPA | D23: 0-10V | E23: Fixtures | F23: 1 | G23: Issue | H23: Run, not terminated | I23: 3
A24: 01 | B24: C-08 | C24: CT01LCPA | D24: P | E24: EBDK panic wire | F24: 1 | G24: Installed, untested | I24: 3
A25: 01 | B25: C-09 | C25: Equipment rack | D25: X | E25: DMX to B3A Canyon | F25: 1 | G25: Not installed | H25: One DMX wire at equipment rack unidentified. Could be this?; no term kit | I25: 3
A26: 01 | B26: C-10 | C26: Equipment rack | D26: X | E26: DMX to C13A Oculus | F26: 1 | G26: Not installed | H26: One DMX wire at equipment rack unidentified. Could be this?; no term kit | I26: 3
A27: 01 | B27: C-11 | C27: Equipment rack | D27: X | E27: DMX to D1 ED Column Capital | F27: 1 | G27: Not installed | H27: One DMX wire at equipment rack unidentified. Could be this?; no term kit | I27: 3
A28: 01 | B28: C-12 | C28: Equipment rack | D28: X | E28: DMX to UFMP4 (7) | F28: 1 | G28: Not installed | H28: One DMX wire at equipment rack unidentified. Could be this?; no term kit | I28: 3
A29: 01 | B29: C-13 | C29: Equipment rack | D29: N | E29: Walter Tower ETC P-CCS | F29: 1 | G29: Not installed | H29: Not installed, Walter tower conduit empty | I29: 3
A30: 01 | B30: C-14 | C30: Equipment rack | D30: N | E30: Level 02 | F30: 1 | G30: Issue | H30: Net run, not terminated; destination might be wrong room | I30: 3
A31: 01 | B31: C-15 | C31: Equipment rack | D31: F | E31: Equipment rack Level 06 | F31: 1 | G31: Issue | H31: Fiber terminated; missing kit parts SGM1612, SGN1021 | I31: 3
A32: 01 | B32: C-16 | C32: Equipment rack | D32: NG | E32: P-TS7-E touchscreen | F32: 1 | G32: Not installed | H32: P-TS7-E not installed | I32: 3
A33: 01 | B33: C-17 | C33: Stations & Sensors | D33: U | E33: Devices to equipment rack | G33: Not installed | H33: No unison wire at equipment rack | I33: 3
A34: 01 | B34: C-18 | C34: Equipment rack | D34: X | E34: DMX to CT01LCPB | F34: 1 | G34: Issue | H34: Run, not terminated at rack; no term kit | I34: 3
A35: 01 | B35: C-19 | C35: Equipment rack | D35: X | E35: DMX to CT01LCPA | F35: 1 | G35: Issue | H35: Run, not terminated at rack; no term kit | I35: 3
A36: 01 | B36: C-20 | C36: Equipment rack | D36: X | E36: DMX to Level B1 CTB1LCPB | F36: 1 | G36: Issue | H36: Run, not terminated; no term kit (per Level B1). Likely the unidentified DMX wire at the rack? | I36: 3
A37: 01 | B37: C-21 | C37: Equipment rack | D37: N | E37: Network to Level B2 P-NSPS-D | F37: 1 | G37: Issue | H37: Run (per Level B2) | I37: 3
A38: 01 | B38: C-22 | C38: Equipment rack | D38: U | E38: Unison from stations & sensors | G38: Not installed | H38: No Unison wire at equipment rack | I38: 3
A39: 01 | B39: C-23 | C39: UFMP4 (7) | D39: X | E39: DMX to equipment rack | F39: 1 | G39: Not installed | H39: UFMP4s not installed; one DMX wire at the rack unidentified, could be this? | I39: 3
A40: 01 | B40: C-24 | C40: P-TS7-E | D40: NG | E40: Network & ground to equipment rack | F40: 1 | G40: Not installed | H40: P-TS7-E not installed | I40: 3
A41: 01 | B41: C-25 | C41: 120v Power | D41: 120V | E41: Equipment rack | F41: 1 | G41: Issue | H41: Box not closed; wire landed | I41: 3
A42: 02 | B42: C-01 | C42: CT02LCPA | D42: X | E42: DMX to Level 03 | F42: 1 | G42: Issue | H42: One of the two LCPA DMX wires missing, which one undetermined; no term kit | I42: 4
A43: 02 | B43: C-02 | C43: CT02LCPA | D43: X | E43: DMX to Level 01 | F43: 1 | G43: Issue | H43: One of the two LCPA DMX wires missing, which one undetermined; no term kit | I43: 4
A44: 02 | B44: C-03 | C44: CT02LCPA | D44: 0-10V | E44: Fixtures | F44: 1 | G44: Issue | H44: Run, not terminated | I44: 4
A45: 02 | B45: C-04 | C45: CT02LCPA | D45: P | E45: EBDK panic wire | F45: 1 | G45: Installed, untested | I45: 4
A46: 02 | B46: C-05 | C46: CT02LCPB | D46: X | E46: DMX to Level 03 | F46: 1 | G46: Issue | H46: Run, not terminated; no term kit | I46: 4
A47: 02 | B47: C-06 | C47: CT02LCPB | D47: X | E47: DMX to UFMP4 | F47: 1 | G47: Issue | H47: Run, not terminated; no term kit; UFMP4 not installed | I47: 4
A48: 02 | B48: C-07 | C48: CT02LCPB | D48: 0-10V | E48: Fixtures | F48: 1 | G48: Not installed | H48: Not run | I48: 4
A49: 02 | B49: C-08 | C49: CT02LCPB | D49: P | E49: EBDK panic wire | F49: 1 | G49: Installed, untested | I49: 4
A50: 02 | B50: C-09 | C50: Stations & Sensors | D50: U | E50: Devices to P-NSPS-D | G50: Not installed | H50: Not run; P-NSPS-D not installed; have not found unison wire location | I50: 4
A51: 02 | B51: C-10 | C51: P-NSPS-D | D51: N | E51: Network to Level 01 equipment rack | F51: 1 | G51: Issue | H51: Run found at CT02LCPB in Elec XX02-1E02; riser lands it at the P-NSPS-D in Elec XX02-1E01 | I51: 4
A52: 02 | B52: C-11 | C52: UFMP4 | D52: X | E52: DMX to Level 01 CT01LCPB | F52: 1 | G52: Issue | H52: Run (terminated at CT01LCPB on Level 01); UFMP4 not installed | I52: 4
A53: 02 | B53: C-12 | C53: UFMP4 | D53: X | E53: DMX to CT02LCPB | F53: 1 | G53: Issue | H53: Run, not terminated; no term kit; UFMP4 not installed (per C-06) | I53: 4
A54: 02 | B54: C-13 | C54: P-NSPS-D | D54: U | E54: Unison from stations & sensors | G54: Not installed | H54: Not run; P-NSPS-D not installed; have not found unison wire location | I54: 4
A55: 02 | B55: C-14 | C55: 120v Power | D55: 120V | E55: P-NSPS-D Power Supply | F55: 1 | G55: Not installed | H55: Not run | I55: 4
A56: 03 | B56: C-01 | C56: CT03LCPA | D56: X | E56: DMX to UFMP4s | F56: 1 | G56: Issue | H56: Run, not terminated; no term kit. Survey drawing showed Level 04 | I56: 5
A57: 03 | B57: C-02 | C57: CT03LCPA | D57: X | E57: DMX to Level 02 | F57: 1 | G57: Issue | H57: Run, not terminated; no term kit | I57: 5
A58: 03 | B58: C-03 | C58: CT03LCPA | D58: 0-10V | E58: Fixtures | F58: 1 | G58: Issue | H58: Not landed | I58: 5
A59: 03 | B59: C-04 | C59: CT03LCPA | D59: P | E59: EBDK panic wire | F59: 1 | G59: Installed, untested | I59: 5
A60: 03 | B60: C-05 | C60: CT03LCPA | D60: N | E60: Network | F60: 2 | G60: Issue | H60: Run; destination unknown. One may be the P-NSPS-D network to Level 06? | I60: 5
A61: 03 | B61: C-06 | C61: CT03LCPB | D61: X | E61: DMX to Level 04 | F61: 1 | G61: Issue | H61: Run, not terminated; no term kit | I61: 5
A62: 03 | B62: C-07 | C62: CT03LCPB | D62: X | E62: DMX to Level 02 | F62: 1 | G62: Issue | H62: Run, not terminated; no term kit | I62: 5
A63: 03 | B63: C-08 | C63: CT03LCPB | D63: 0-10V | E63: Fixtures | F63: 1 | G63: Issue | H63: Not landed | I63: 5
A64: 03 | B64: C-09 | C64: CT03LCPB | D64: P | E64: EBDK panic wire | F64: 1 | G64: Installed, untested | I64: 5
A65: 03 | B65: C-10 | C65: UFMP4 #1, #2 | D65: X | E65: DMX to Level 04 CT04LCPA | F65: 1 | G65: Issue | H65: Run, not terminated; no term kit. Survey drawing showed Level 06 (2 runs) | I65: 5
A66: 03 | B66: C-11 | C66: 120v Power | D66: 120V | E66: P-NSPS-D Power Supply | F66: 1 | G66: Issue | H66: Needs landing | I66: 5
A67: 03 | B67: C-12 | C67: Stations & Sensors | D67: U | E67: Devices to P-NSPS-D | G67: Installed, untested | H67: # of runs not verified | I67: 5
A68: 03 | B68: C-13 | C68: UFMP4 #1, #2 | D68: X | E68: Missing DMX run (one per UFMP4) | F68: 2 | G68: Not installed | H68: Not run; which is missing? Level 04 CT04LCPB DMX may come from a Level 03 UFMP4? Riser: missing run may be the link between UFMP4 #1 and #2? | I68: 5
A69: 03 | B69: C-14 | C69: UFMP4 #1, #2 | D69: X | E69: DMX to CT03LCPA | F69: 1 | G69: Issue | H69: Run, not terminated; no term kit (per C-01) | I69: 5
A70: 03 | B70: C-15 | C70: P-NSPS-D | D70: N | E70: Network to Level 06 equipment rack | F70: 1 | G70: Issue | H70: Not found at the P-NSPS-D; may be one of the 2 network runs at CT03LCPA (NSPS moved from Elec XX03-1E01)? | I70: 5
A71: 03 | B71: C-16 | C71: P-NSPS-D | D71: U | E71: Unison from stations & sensors | G71: Installed, untested | H71: # of runs not verified | I71: 5
A72: 04 | B72: C-01 | C72: CT04LCPA | D72: X | E72: DMX to Level 06 | F72: 1 | G72: Not installed | H72: Not run; no term kit | I72: 6
A73: 04 | B73: C-02 | C73: CT04LCPA | D73: X | E73: DMX to Level 03 UFMP4s | F73: 1 | G73: Issue | H73: Run, not terminated; no term kit | I73: 6
A74: 04 | B74: C-03 | C74: CT04LCPA | D74: 0-10V | E74: Fixtures | F74: 1 | G74: Issue | H74: Not landed | I74: 6
A75: 04 | B75: C-04 | C75: CT04LCPA | D75: P | E75: EBDK panic wire | F75: 1 | G75: Installed, untested | I75: 6
A76: 04 | B76: C-05 | C76: CT04LCPB | D76: X | E76: DMX to Level 03 CT03LCPB | F76: 1 | G76: Issue | H76: Run, not terminated; no term kit. May come from the Level 03 UFMP4? | I76: 6
A77: 04 | B77: C-06 | C77: CT04LCPB | D77: P | E77: EBDK panic wire | F77: 1 | G77: Installed, untested | I77: 6
A78: 04 | B78: C-07 | C78: UFMP8 | D78: X | E78: DMX from Level 06 | F78: 1 | G78: Not installed | H78: Not run, term kit in box | I78: 6
A79: 04 | B79: C-08 | C79: UHCI-WM | D79: UV | E79: To Level 06 | F79: 1 | G79: Not installed | H79: Potential Aux 24v hanging outside of conduit in 1E01 next to CT04LCPB. Need to confirm origin | I79: 6
A80: 04 | B80: C-09 | C80: Stations & Sensors | D80: U | E80: Devices to P-NSPS-D | G80: Issue | H80: 2 runs outside conduit; need to be rerun with proper wire (not dmx) | I80: 6
A81: 04 | B81: C-10 | C81: P-NSPS-D | D81: N | E81: Network to Level 06 | F81: 1 | G81: Issue | H81: Run, not terminated; hanging outside conduit | I81: 6
A82: 04 | B82: C-11 | C82: CT04LCPB | D82: 0-10V | E82: Fixtures | F82: 1 | G82: Issue | H82: Not landed | I82: 6
A83: 04 | B83: C-12 | C83: CT04LCPB | D83: N | E83: Network from Level 03 | F83: 1 | G83: Issue | H83: Run; origin unknown. Not on riser; may be the Level 03 P-NSPS-D network to Level 06 passing through? | I83: 6
A84: 04 | B84: C-13 | C84: P-NSPS-D | D84: U | E84: Unison from stations & sensors | G84: Issue | H84: 2 runs outside conduit; need to be rerun with proper wire (not dmx) | I84: 6
A85: 04 | B85: C-14 | C85: 120v Power | D85: 120V | E85: P-NSPS-D Power Supply | F85: 1 | G85: Not installed | H85: Not run | I85: 6
A86: 06 | B86: C-10 | C86: Stations & Sensors | D86: U | E86: Unison to equipment rack | G86: Issue | H86: 4 run, not terminated | I86: 7
A87: 06M | B87: C-01 | C87: Equipment rack | D87: X | E87: DMX to B3B Elev Core C fixture | F87: 1 | G87: Not installed | H87: Not run; no term kit | I87: 8
A88: 06M | B88: C-02 | C88: Equipment rack | D88: X | E88: DMX to B7 Stair A fixture | F88: 1 | G88: Not installed | H88: Not run; no term kit | I88: 8
A89: 06M | B89: C-03 | C89: Equipment rack | D89: X | E89: Spare DMX out | F89: 2 | G89: Not installed | H89: Not run; no term kit | I89: 8
A90: 06M | B90: C-04 | C90: Equipment rack | D90: N | E90: ERn4 Level 16 | F90: 2 | G90: Issue | H90: Run, not terminated | I90: 8
A91: 06M | B91: C-05 | C91: Equipment rack | D91: F | E91: Equipment rack Level 28 | F91: 1 | G91: Not installed | H91: Not run | I91: 8
A92: 06M | B92: C-06 | C92: Equipment rack | D92: F | E92: Equipment rack Level 01 | F92: 1 | G92: Issue | H92: Run, not terminated; missing kit parts: SGN1253, SGM1612, SGN1021 | I92: 8
A93: 06M | B93: C-07 | C93: CT06LCPB | D93: X | E93: DMX to Level 09 | F93: 1 | G93: Not installed | H93: Not run; no term kit | I93: 8
A94: 06M | B94: C-08 | C94: CT06LCPB | D94: P | E94: EBDK panic wire | F94: 1 | G94: Installed, untested | I94: 8
A95: 06M | B95: C-09 | C95: CT06LCPA | D95: X | E95: DMX to Level 09 | F95: 1 | G95: Issue | H95: Only one of the two CT06LCPA runs pulled, which one undetermined; no term kit | I95: 8
A96: 06M | B96: C-11 | C96: CT06LCPB | D96: 0-10V | E96: Fixtures | F96: 1 | G96: Issue | H96: Not landed | I96: 8
A97: 06M | B97: C-12 | C97: CT06LCPB | D97: X | E97: DMX to equipment rack | F97: 1 | G97: Not installed | H97: Not run; no term kit | I97: 8
A98: 06M | B98: C-13 | C98: CT06LCPA | D98: X | E98: DMX to Level 04 CT04LCPA | F98: 1 | G98: Issue | H98: Only one of the two CT06LCPA runs pulled, which one undetermined (lower level?); Level 04 end shows not run; no term kit | I98: 8
A99: 06M | B99: C-14 | C99: Equipment rack | D99: X | E99: DMX to CT06LCPB | F99: 1 | G99: Not installed | H99: Not run; no term kit | I99: 8
A100: 06M | B100: C-15 | C100: Equipment rack | D100: U | E100: Unison from Level 06 stations | G100: Issue | H100: 4 run, not terminated (per C-10) | I100: 8
...

Sheet Punch List
A1: Outstanding items
A2: Levels B2-06
A3: Level | B3: # | C3: Device | D3: Item | E3: Type | F3: Photo | G3: Owner | H3: Tracking status | I3: Date closed | J3: Notes | K3: Floor Order
A4: B2 | B4: 1 | C4: CTB2LCPB | D4: Run and land 0-10V control wiring | E4: Cable not run | G4: EC | H4: Open | K4: 1
A5: B2 | B5: 2 | C5: CTB2LCPB | D5: Terminate DMX to Level B1 | E5: Missing part | G5: EC/ETC | H5: Open | J5: Waiting on DMX Termination Kits | K5: 1
A6: B2 | B6: 3 | C6: P-NSPS-D | D6: Land 48V jumper from power supply to NSPS | E6: Wiring | F6: 2 | G6: EC | H6: Open | J6: Provided in NSPS box | K6: 1
A7: B2 | B7: 4 | C7: P-NSPS-D | D7: Run 120V to NSPS power supply | E7: Cable not run | G7: EC | H7: Open | K7: 1
A8: B2 | B8: 5 | C8: P-NSPS-D | D8: Run network to P-NSPS-D | E8: Cable not run | F8: 1 | G8: EC | H8: Open | J8: Lands in ERP; needs to be run down to the NSPS below it | K8: 1
A9: B2 | B9: 6 | C9: P-NSPS-D | D9: Run Unison to P-NSPS-D (B2 & B1 stations and devices) | E9: Cable not run | F9: 1 | G9: EC | H9: Open | J9: 4x Unison land in ERP; need to be run down to the NSPS below it | K9: 1
A10: B2 | B10: 7 | C10: PI1002 S1 - Elevator Lobby B XXB2-C003 east | D10: Install cover | E10: Missing part | F10: 3 | G10: EC | H10: Open | J10: Confirm whether on site | K10: 1
A11: B2 | B11: 8 | C11: P-DOC-C-LR D1 - Elevator Lobby B XXB2-C003 | D11: Not installed: install sensor (box present) | E11: Not installed | F11: 4 | G11: EC | H11: Open | K11: 1
A12: B2 | B12: 9 | C12: All devices | D12: Missing all Device Neuron IDs | E12: Information | G12: EC | H12: Open | K12: 1
A13: B1 | B13: 1 | C13: CTB1LCPB | D13: Install ERP-RTO jumper | E13: Missing part | G13: EC | H13: Open | K13: 2
A14: B1 | B14: 2 | C14: CTB1LCPB | D14: Land panel loads | E14: Termination | G14: EC | H14: Open | K14: 2
A15: B1 | B15: 3 | C15: CTB1LCPB | D15: Run and land 0-10V control wiring | E15: Cable not run | G15: EC | H15: Open | K15: 2
A16: B1 | B16: 4 | C16: CTB1LCPB | D16: Terminate DMX to Level 01 | E16: Missing part | G16: EC/ETC | H16: Open | J16: Waiting on DMX Termination Kits | K16: 2
A17: B1 | B17: 5 | C17: CTB1LCPB | D17: Terminate DMX to Level B2 | E17: Missing part | G17: EC/ETC | H17: Open | J17: Waiting on DMX Termination Kits | K17: 2
A18: B1 | B18: 6 | C18: EBDK (CTB1LCPB) | D18: Provide sense feed to EBDK | E18: Cable not run | G18: EC | H18: Open | K18: 2
A19: B1 | B19: 7 | C19: Stations & sensors | D19: Unison runs land in the Level B2 ERP (CTB2LCPB) | E19: Information | G19: EC | H19: Open | J19: Need to be run down to the NSPS below it. Unison wire on B2 is unlabeled | K19: 2
A20: B1 | B20: 8 | C20: PI1002 S3 - Corridor XXB1-C005 north | D20: Install cover | E20: Missing part | F20: 10 | G20: EC | H20: Open | J20: Confirm whether on site | K20: 2
A21: B1 | B21: 9 | C21: PI1002 S4 - Corridor XXB1-C005 south | D21: Install cover | E21: Missing part | F21: 11 | G21: EC | H21: Open | J21: Confirm whether on site | K21: 2
A22: B1 | B22: 10 | C22: PI1002 S5 - Elevator Lobby C XXB1-C002 | D22: Install cover | E22: Missing part | G22: EC | H22: Open | J22: Confirm whether on site | K22: 2
A23: B1 | B23: 11 | C23: PI1002 S6 - Corridor XXB1-C004 at IDF XXB1-1I05 | D23: Install cover | E23: Missing part | G23: EC | H23: Open | J23: Confirm whether on site | K23: 2
A24: B1 | B24: 12 | C24: PI1002 S7 - Corridor XXB1-C008 west | D24: Install cover | E24: Missing part | G24: EC | H24: Open | J24: Confirm whether on site | K24: 2
A25: B1 | B25: 13 | C25: PI1002 S8 - Corridor XXB1-C008 east at Gas Cyldr XXB1-1002 | D25: Install cover | E25: Missing part | G25: EC | H25: Open | J25: Confirm whether on site | K25: 2
A26: B1 | B26: 14 | C26: PI1002 S9 - Corridor at Drinking Fountain XXB1-1004 | D26: Install cover | E26: Missing part | G26: EC | H26: Open | J26: Confirm whether on site | K26: 2
A27: B1 | B27: 15 | C27: PI1002 S1 - Elevator Lobby B XXB1-C003 east | D27: Not installed: install station | E27: Not installed | G27: EC | H27: Open | J27: No box | K27: 2
A28: B1 | B28: 16 | C28: PI1002 S2 - Corridor XXB1-C007 at Stair F XXB1-3S02 | D28: Not installed: install station (box present) | E28: Not installed | F28: 4 | G28: EC | H28: Open | K28: 2
A29: B1 | B29: 17 | C29: P-DOC-W D1 - Corridor XXB1-C009 at Water Meter XXB1-3WM01 | D29: Not installed: install sensor (box present) | E29: Not installed | F29: 2 | G29: EC | H29: Open | K29: 2
A30: B1 | B30: 18 | C30: P-DOC-W D2 - Corridor XXB1-C009 at Fan Room XXB1-2F01 | D30: Not installed: install sensor (box present) | E30: Not installed | F30: 3 | G30: EC | H30: Open | K30: 2
A31: B1 | B31: 19 | C31: P-DOC-W D3 - Elevator Lobby B XXB1-C003 west | D31: Not installed: install sensor | E31: Not installed | G31: EC | H31: Open | J31: No box | K31: 2
A32: B1 | B32: 20 | C32: P-DOC-C-LR D4 - Elevator Lobby B XXB1-C003 | D32: Not installed: install sensor | E32: Not installed | G32: EC | H32: Open | J32: No box | K32: 2
A33: B1 | B33: 21 | C33: P-DOC-W D5 - Corridor XXB1-C007 north | D33: Not installed: install sensor (box present) | E33: Not installed | F33: 5 | G33: EC | H33: Open | K33: 2
A34: B1 | B34: 22 | C34: P-DOC-W D6 - Corridor XXB1-C007 south at Confident Waste XXB1-3017 | D34: Not installed: install sensor (box present) | E34: Not installed | F34: 6 | G34: EC | H34: Open | K34: 2
A35: B1 | B35: 23 | C35: P-DOC-W D7 - Corridor XXB1-C006 at Cart Wash XXB1-3007 | D35: Not installed: install sensor (box present) | E35: Not installed | F35: 7 | G35: EC | H35: Open | K35: 2
A36: B1 | B36: 24 | C36: P-DOC-W D8 - Corridor XXB1-C006 at Trash Compactor XXB1-2TC01 | D36: Not installed: install sensor (box present) | E36: Not installed | F36: 8 | G36: EC | H36: Open | K36: 2
A37: B1 | B37: 25 | C37: P-DOC-C-LR D13 - Corridor XXB1-C008 west | D37: Not installed: install sensor | E37: Not installed | F37: 12 | G37: EC | H37: Open | K37: 2
A38: B1 | B38: 26 | C38: P-DOC-C-LR D14 - Corridor XXB1-C008 east at Gas Cyldr XXB1-1002 | D38: Not installed: install sensor | E38: Not installed | G38: EC | H38: Open | K38: 2
A39: B1 | B39: 27 | C39: Walter Tower east wing | D39: Gain access; survey 5x PI1002 (S10-S14) and 7x P-DOC-C-LR (D15-D21) in Corridors WTB1-C010, C011, C012, C016 and Fire Protection Closet WTB1-2008 | E39: Access | G39: ETC | H39: Open | J39: Blocked by Walter Tower barricade | K39: 2
A40: B1 | B40: 28 | C40: All devices | D40: Missing all Device Neuron IDs | E40: Information | G40: EC | H40: Open | K40: 2
A41: 01 | B41: 1 | C41: CT01LCPB | D41: Install ERP-RTO jumper | E41: Missing part | G41: EC | H41: Open | K41: 3
A42: 01 | B42: 2 | C42: CT01LCPB | D42: Confirm ERP-FT-LVD (0-10V card) is installed | E42: Missed Survey | F42: 14 | G42: ETC | H42: Closed | I42: 46303 | J42: Needs 2x 0-10v cards, only one installed | K42: 3
A43: 01 | B43: 3 | C43: CT01LCPB | D43: Land 0-10V control wiring | E43: Termination | G43: EC | H43: Open | K43: 3
A44: 01 | B44: 4 | C44: CT01LCPA | D44: Confirm ERP-FT-LVD (0-10V card) is installed | E44: Missed Survey | G44: ETC | H44: Closed | I44: 46303 | J44: Needs 2x 0-10v cards, only one installed | K44: 3
A45: 01 | B45: 5 | C45: CT01LCPA | D45: Land 0-10V control wiring | E45: Termination | G45: EC | H45: Open | K45: 3
A46: 01 | B46: 6 | C46: EBDK (CT01LCPA) | D46: Check sense feed to EBDK | E46: Missed Survey | G46: ETC | H46: Closed | I46: 46303 | J46: Terminated | K46: 3
A47: 01 | B47: 7 | C47: Equipment rack | D47: Install 1U brush panel | E47: Missing part | G47: EC/ETC | H47: Open | K47: 3
A48: 01 | B48: 8 | C48: Equipment rack | D48: Terminate fiber to Equipment rack Level 06 | E48: Termination | G48: EC/ETC | H48: In progress | J48: Fiber terminated in equipment rack; missing kit parts SGM1612, SGN1021 | K48: 3
A49: 01 | B49: 9 | C49: Equipment rack | D49: Survey outgoing runs (DMX x4, network x2, fiber, NG) and check Unison wiring at each device | E49: Missed Survey | G49: ETC | H49: Closed | I49: 46303 | J49: Connections list updated | K49: 3
A50: 01 | B50: 10 | C50: P-TS7-E - Info Desk WT01-1046 | D50: Not installed: install touchscreen | E50: Not installed | G50: EC | H50: Open | K50: 3
A51: 01 | B51: 11 | C51: UFMP4 - Vest WT01-1044 | D51: Not installed: install UFMP4 | E51: Not installed | G51: EC | H51: Open | K51: 3
A52: 01 | B52: 12 | C52: UFMP4 - BH OBS RM 47 | D52: Not installed: install UFMP4 | E52: Not installed | G52: EC | H52: Open | K52: 3
A53: 01 | B53: 13 | C53: UFMP4 - BH OBS RM 48 | D53: Not installed: install UFMP4 | E53: Not installed | G53: EC | H53: Open | K53: 3
A54: 01 | B54: 14 | C54: UFMP4 - BH OBS RM 49 | D54: Not installed: install UFMP4 | E54: Not installed | F54: 5 | G54: EC | H54: Open | J54: Unit mounted above ceiling, but not installed otherwise | K54: 3
A55: 01 | B55: 15 | C55: UFMP4 - BH OBS RM 50 | D55: Not installed: install UFMP4 | E55: Not installed | G55: EC | H55: Open | J55: Unit mounted above ceiling, but not installed otherwise | K55: 3
A56: 01 | B56: 16 | C56: UFMP4 - BH OBS RM 51 | D56: Not installed: install UFMP4 | E56: Not installed | G56: EC | H56: Open | J56: Unit mounted above ceiling, but not installed otherwise | K56: 3
A57: 01 | B57: 17 | C57: UFMP4 - BH OBS RM 52 | D57: Not installed: install UFMP4 | E57: Not installed | G57: EC | H57: Open | J57: Unit mounted above ceiling, but not installed otherwise | K57: 3
A58: 01 | B58: 18 | C58: PI1002 S2 - Corridor XX01-C018 | D58: Replace wire nuts with Wagos (provided in box) | E58: Wiring | G58: EC | H58: Open | K58: 3
A59: 01 | B59: 19 | C59: PI1104 S4 - Discharge XX01-2106 | D59: Replace wire nuts with Wagos (provided in box) | E59: Wiring | G59: EC | H59: Open | K59: 3
A60: 01 | B60: 20 | C60: PI1104 S15 - Hydra XX01-3137 | D60: Replace wire nuts with Wagos (provided in box) | E60: Wiring | F60: 1 | G60: EC | H60: Open | K60: 3
A61: 01 | B61: 21 | C61: PI1002 S19 - Corridor XX01-C004 | D61: Replace wire nuts with Wagos (provided in box) | E61: Wiring | F61: 2 | G61: EC | H61: Open | K61: 3
A62: 01 | B62: 22 | C62: PI1104 S5 - Info Desk WT01-1046 | D62: Not installed: install station | E62: Not installed | F62: 9 | G62: EC | H62: Open | K62: 3
A63: 01 | B63: 23 | C63: PI1104 S7 - BH OBS RM 47 | D63: Not installed: install station | E63: Not installed | G63: EC | H63: Open | K63: 3
A64: 01 | B64: 24 | C64: PI1104 S8 - Passageway at BH OBS RM 48 | D64: Not installed: install station | E64: Not installed | F64: 6 | G64: EC | H64: Open | K64: 3
A65: 01 | B65: 25 | C65: PI1104 S9 - Passageway at BH OBS RM 49 | D65: Not installed: install station | E65: Not installed | F65: 6 | G65: EC | H65: Open | K65: 3
A66: 01 | B66: 26 | C66: PI1104 S10 - Passageway at BH OBS RM 50 | D66: Not installed: install station | E66: Not installed | F66: 6 | G66: EC | H66: Open | K66: 3
A67: 01 | B67: 27 | C67: PI1104 S11 - Passageway at BH OBS RM 51 | D67: Not installed: install station | E67: Not installed | F67: 6 | G67: EC | H67: Open | K67: 3
A68: 01 | B68: 28 | C68: PI1104 S12 - Passageway at BH OBS RM 52 | D68: Not installed: install station | E68: Not installed | F68: 6 | G68: EC | H68: Open | K68: 3
A69: 01 | B69: 29 | C69: PI1104 S8-S12 - BH OBS passageway | D69: 3-gang box installed for 1-gang switch at each BH OBS station | E69: Information | F69: 6 | G69: EC | H69: Open | K69: 3
A70: 01 | B70: 30 | C70: PI1104 S13 - ALC. HW WT01-C024A | D70: Not installed: install station (box present) | E70: Not installed | F70: 4 | G70: EC | H70: Open | K70: 3
A71: 01 | B71: 31 | C71: PI1104 S14 - Passageway WT01-C023 | D71: Not installed: install station (box present) | E71: Not installed | F71: 7 | G71: EC | H71: Open | K71: 3
A72: 01 | B72: 32 | C72: PI1004 S16 - Corridor XX01-C015 | D72: Not installed: install station (box present) | E72: Not installed | F72: 3 | G72: EC | H72: Open | K72: 3
A73: 01 | B73: 33 | C73: PI1104 S22 - Tlt. Pat Stf WT01-2161 | D73: Not installed: install station (box present) | E73: Not installed | F73: 8 | G73: EC | H73: Open | K73: 3
A74: 01 | B74: 34 | C74: P-DOC-C-LR D1 - Elevator Lobby C XX01-C002 | D74: Not installed: install sensor | E74: Not installed | G74: EC | H74: Open | K74: 3
A75: 01 | B75: 35 | C75: PI1002 S6 - Humidifier Closet WT01-2033 | D75: Check device | E75: Missed Survey | G75: ETC | H75: Open | J75: Blocked | K75: 3
A76: 01 | B76: 36 | C76: PI1002 S21 - Passage XX01-C005A | D76: Check device | E76: Missed Survey | G76: ETC | H76: Closed | I76: 46303 | J76: Device list updated | K76: 3
A77: 01 | B77: 37 | C77: PI1004 S18, PI1104 S20 | D77: Check devices | E77: Missed Survey | G77: ETC | H77: Closed | I77: 46303 | J77: Device list updated | K77: 3
A78: 01 | B78: 38 | C78: CT01LCPB | D78: Install ERP-FT-LVD (0-10V card) | E78: Missing part | F78: 14 | G78: EC | H78: Open | J78: Needs 2x 0-10V cards, only one installed | K78: 3
A79: 01 | B79: 39 | C79: CT01LCPA | D79: Install ERP-FT-LVD (0-10V card) | E79: Missing part | F79: 15 | G79: EC | H79: Open | J79: Needs 2x 0-10V cards, only one installed | K79: 3
A80: 01 | B80: 40 | C80: Equipment rack | D80: Terminate DMX from CT01LCPB | E80: Missing part | G80: EC/ETC | H80: Open | J80: Waiting on DMX Termination Kits | K80: 3
A81: 01 | B81: 41 | C81: Equipment rack | D81: Terminate DMX from CT01LCPA | E81: Missing part | G81: EC/ETC | H81: Open | J81: Waiting on DMX Termination Kits | K81: 3
A82: 01 | B82: 42 | C82: Equipment rack | D82: Run DMX to B3A Canyon | E82: Cable not run | G82: EC | H82: Open | K82: 3
A83: 01 | B83: 43 | C83: Equipment rack | D83: Run DMX to C13A Oculus | E83: Cable not run | G83: EC | H83: Open | K83: 3
A84: 01 | B84: 44 | C84: Equipment rack | D84: Run DMX to D1 ED Column Capital | E84: Cable not run | G84: EC | H84: Open | K84: 3
A85: 01 | B85: 45 | C85: Equipment rack | D85: Run DMX to UFMP4s | E85: Cable not run | G85: EC | H85: Open | K85: 3
A86: 01 | B86: 46 | C86: Equipment rack | D86: Identify unidentified DMX wire at rack | E86: Information | F86: 12 | G86: EC | H86: Open | J86: One of the four outgoing DMX runs? Riser: likely the Level B1 run | K86: 3
A87: 01 | B87: 47 | C87: Equipment rack | D87: Run network to Walter Tower ETC P-CCS | E87: Cable not run | G87: EC | H87: Open | J87: Walter Tower conduit empty | K87: 3
A88: 01 | B88: 48 | C88: Equipment rack | D88: Terminate network to Level 02 | E88: Termination | G88: ETC | H88: Open | J88: Destination might be wrong room? | K88: 3
A89: 01 | B89: 49 | C89: Stations & sensors | D89: Run Unison to equipment rack | E89: Cable not run | G89: EC | H89: Open | J89: No Unison wire at equipment rack | K89: 3
A90: 01 | B90: 50 | C90: Equipment rack | D90: Secure 120V box | E90: Wiring | F90: 12 | G90: EC | H90: Open | J90: 120V run and terminated; box not secured | K90: 3
A91: 01 | B91: 51 | C91: PI1004 S18 - SLD HLD WT01-2001 | D91: Not installed: install station (box present) | E91: Not installed | F91: 11 | G91: EC | H91: Open | J91: Wire present, no ground; provide ground | K91: 3
A92: 01 | B92: 52 | C92: PI1104 S20 - NS WT01-2101 | D92: Not installed: install station (box present) | E92: Not installed | F92: 10 | G92: EC | H92: Open | J92: Wire present, no ground; provide ground | K92: 3
A93: 01 | B93: 53 | C93: All devices | D93: Missing all Device Neuron IDs | E93: Information | G93: EC | H93: Open | K93: 3
A94: 02 | B94: 1 | C94: CT02LCPA | D94: Land 0-10V control wiring | E94: Termination | G94: EC | H94: Open | K94: 4
A95: 02 | B95: 2 | C95: CT02LCPA | D95: Check (2) 0-10V headers | E95: Missed Survey | F95: 6 | G95: ETC | H95: Closed | I95: 46303 | J95: Headers installed | K95: 4
A96: 02 | B96: 3 | C96: CT02LCPA | D96: Pull missing DMX wire | E96: Cable not run | G96: EC | H96: Open | J96: Level 03 or Level 01 run, which one undetermined | K96: 4
A97: 02 | B97: 4 | C97: CT02LCPA | D97: Terminate DMX to Level 03 | E97: Missing part | G97: EC/ETC | H97: Open | J97: Waiting on DMX Termination Kits | K97: 4
A98: 02 | B98: 5 | C98: CT02LCPA | D98: Terminate DMX to Level 01 | E98: Missing part | G98: EC/ETC | H98: Open | J98: Waiting on DMX Termination Kits | K98: 4
A99: 02 | B99: 6 | C99: EBDK (CT02LCPA) | D99: Provide sense feed to EBDK | E99: Cable not run | G99: EC | H99: Open | K99: 4
A100: 02 | B100: 7 | C100: P-NSPS-D - Elec XX02-1E01 | D100: Not installed: install P-NSPS-D and land 120V and Unison wire | E100: Not installed | G100: EC | H100: Open | J100: Unison wire location not found | K100: 4
...

Sheet Missing Parts
A1: Missing Parts
A2: Levels B2-06
A3: Level | B3: # | C3: Device / Location | D3: Part | E3: Part no. | F3: Qty | G3: Owner | H3: Source | I3: Part status | J3: Notes | K3: Floor Order
A4: B2 | B4: 1 | C4: CTB2LCPB | D4: DMX termination kit - Level B1 run | F4: 1 | G4: EC | H4: Punch #2 | I4: Needed | J4: Need to be ordered | K4: 1
A5: B2 | B5: 2 | C5: S1 | D5: PI1002 cover | F5: 1 | G5: EC | H5: Punch #7 | I5: Needed | J5: Confirm whether on site (provided in box) | K5: 1
A6: B2 | B6: 3 | C6: D1 | D6: P-DOC-C-LR sensor | E6: P-DOC-C-LR | F6: 1 | G6: EC | H6: Punch #8 | I6: Needed | J6: Confirm whether on site | K6: 1
A7: B1 | B7: 1 | C7: CTB1LCPB | D7: ERP-RTO jumper | F7: 1 | G7: EC | H7: Punch #1 | I7: Needed | J7: Need to be ordered | K7: 2
A8: B1 | B8: 2 | C8: CTB1LCPB | D8: DMX termination kit - Level 01 run | F8: 1 | G8: EC | H8: Punch #4 | I8: Needed | J8: Need to be ordered | K8: 2
A9: B1 | B9: 3 | C9: CTB1LCPB | D9: DMX termination kit - Level B2 run | F9: 1 | G9: EC | H9: Punch #5 | I9: Needed | J9: Need to be ordered | K9: 2
A10: B1 | B10: 4 | C10: S3-S9 | D10: PI1002 cover | F10: 7 | G10: EC | H10: Punch #8-14 | I10: Needed | J10: Confirm whether on site (provided in box) | K10: 2
A11: B1 | B11: 5 | C11: S1, D3, D4 | D11: Backbox for device | F11: 3 | G11: EC | H11: Punch #15, #19, #20 | I11: Needed | J11: Confirm whether on site | K11: 2
A12: B1 | B12: 6 | C12: S1, S2 | D12: PI1002 station | E12: PI1002 | F12: 2 | G12: EC | H12: Punch #15, #16 | I12: Needed | J12: Confirm whether on site | K12: 2
A13: B1 | B13: 7 | C13: D1-D3, D5-D8 | D13: P-DOC-W sensor | E13: P-DOC-W | F13: 7 | G13: EC | H13: Punch #17-19, #21-24 | I13: Needed | J13: Confirm whether on site | K13: 2
A14: B1 | B14: 8 | C14: D4, D13, D14 | D14: P-DOC-C-LR sensor | E14: P-DOC-C-LR | F14: 3 | G14: EC | H14: Punch #20, #25, #26 | I14: Needed | J14: Confirm whether on site | K14: 2
A15: 01 | B15: 1 | C15: CT01LCPB | D15: ERP-RTO jumper | F15: 1 | G15: EC | H15: Punch #1 | I15: Needed | J15: Need to be ordered | K15: 3
A16: 01 | B16: 2 | C16: CT01LCPB, CT01LCPA | D16: ERP-FT-LVD (0-10V card) | E16: ERP-FT-LVD | F16: 2 | G16: EC | H16: Punch #38, #39 | I16: Needed | J16: Need to be ordered | K16: 3
A17: 01 | B17: 3 | C17: Equipment rack | D17: 1U brush panel | F17: 1 | G17: EC | H17: Punch #7 | I17: Needed | J17: Confirm whether on site | K17: 3
A18: 01 | B18: 4 | C18: Equipment rack | D18: Fiber kit part | E18: N2019 | F18: 1 | G18: EC | H18: Punch #8 | I18: Installed | J18: Verified 10/8 | K18: 3
A19: 01 | B19: 5 | C19: Equipment rack | D19: Fiber kit part | E19: SGN1253 | F19: 1 | G19: EC | H19: Punch #8 | I19: Installed | J19: Verified 10/8 | K19: 3
A20: 01 | B20: 6 | C20: Equipment rack | D20: Fiber kit part | E20: SGM1612 | F20: 1 | G20: EC | H20: Punch #8 | I20: Needed | J20: Need to be ordered | K20: 3
A21: 01 | B21: 7 | C21: Equipment rack | D21: Fiber kit part | E21: SGN1021 | F21: 1 | G21: EC | H21: Punch #8 | I21: Needed | J21: Need to be ordered | K21: 3
A22: 01 | B22: 8 | C22: Equipment rack | D22: DMX termination kit - B3A Canyon run | F22: 1 | G22: EC | H22: Punch #42 | I22: Needed | J22: Need to be ordered | K22: 3
A23: 01 | B23: 9 | C23: Equipment rack | D23: DMX termination kit - C13A Oculus run | F23: 1 | G23: EC | H23: Punch #43 | I23: Needed | J23: Need to be ordered | K23: 3
A24: 01 | B24: 10 | C24: Equipment rack | D24: DMX termination kit - D1 ED Column Capital run | F24: 1 | G24: EC | H24: Punch #44 | I24: Needed | J24: Need to be ordered | K24: 3
A25: 01 | B25: 11 | C25: Equipment rack | D25: DMX termination kit - UFMP4 run | F25: 1 | G25: EC | H25: Punch #45 | I25: Needed | J25: Need to be ordered | K25: 3
A26: 01 | B26: 12 | C26: Info Desk WT01-1046 | D26: P-TS7-E 7in touchscreen | E26: P-TS7-E | F26: 1 | G26: EC | H26: Punch #10 | I26: Needed | J26: Confirm whether on site | K26: 3
A27: 01 | B27: 13 | C27: Vest WT01-1044, BH OBS 47, 48 | D27: Foundry UFMP4 | E27: UFMP4 | F27: 3 | G27: EC | H27: Punch #11-13 | I27: Needed | J27: Confirm whether on site | K27: 3
A28: 01 | B28: 14 | C28: BH OBS 49, 50, 51, 52 | D28: Foundry UFMP4 | E28: UFMP4 | F28: 4 | G28: EC | H28: Punch #14-17 | I28: On site | J28: On site above ceiling; needs to be installed | K28: 3
A29: 01 | B29: 15 | C29: S5 | D29: Backbox for station | F29: 1 | G29: EC | H29: Punch #22 | I29: Needed | J29: Confirm whether on site | K29: 3
A30: 01 | B30: 16 | C30: S5, S7-S14, S20, S22 | D30: PI1104 station | E30: PI1104 | F30: 11 | G30: EC | H30: Punch #22-28, #30, #31, #33, #52 | I30: Needed | J30: Confirm whether on site | K30: 3
A31: 01 | B31: 17 | C31: S16, S18 | D31: PI1004 station | E31: PI1004 | F31: 2 | G31: EC | H31: Punch #32, #51 | I31: Needed | J31: Confirm whether on site | K31: 3
A32: 01 | B32: 18 | C32: D1 | D32: P-DOC-C-LR sensor | E32: P-DOC-C-LR | F32: 1 | G32: EC | H32: Punch #34 | I32: Needed | J32: Confirm whether on site | K32: 3
A33: 01 | B33: 19 | C33: Equipment rack | D33: DMX termination kit - CT01LCPB run | F33: 1 | G33: EC | H33: Punch #40 | I33: Needed | J33: Need to be ordered | K33: 3
A34: 01 | B34: 20 | C34: Equipment rack | D34: DMX termination kit - CT01LCPA run | F34: 1 | G34: EC | H34: Punch #41 | I34: Needed | J34: Need to be ordered | K34: 3
A35: 02 | B35: 1 | C35: CT02LCPA | D35: DMX termination kit - Level 03 run | F35: 1 | G35: EC | H35: Punch #4 | I35: Needed | J35: Need to be ordered | K35: 4
A36: 02 | B36: 2 | C36: CT02LCPA | D36: DMX termination kit - Level 01 run | F36: 1 | G36: EC | H36: Punch #5 | I36: Needed | J36: Need to be ordered | K36: 4
A37: 02 | B37: 3 | C37: CT02LCPB | D37: DMX termination kit - Level 03 run | F37: 1 | G37: EC | H37: Punch #9 | I37: Needed | J37: Need to be ordered | K37: 4
A38: 02 | B38: 4 | C38: CT02LCPB | D38: DMX termination kit - UFMP4 run | F38: 1 | G38: EC | H38: Punch #10 | I38: Needed | J38: Need to be ordered | K38: 4
A39: 02 | B39: 5 | C39: Elec XX02-1E01 | D39: P-NSPS-D-KIT | E39: P-NSPS-D-KIT | F39: 1 | G39: EC | H39: Punch #7 | I39: Needed | J39: Confirm whether on site | K39: 4
A40: 02 | B40: 6 | C40: Elec XX02-1E02 | D40: Foundry UFMP4 | E40: UFMP4 | F40: 1 | G40: EC | H40: Punch #12 | I40: Needed | J40: Confirm whether on site | K40: 4
A41: 02 | B41: 7 | C41: S1, S5, S11, S13, S14, S15 | D41: PI1002 station | E41: PI1002 | F41: 6 | G41: EC | H41: Punch #15, #16, #18, #19, #30, #31 | I41: Needed | J41: Confirm whether on site | K41: 4
A42: 02 | B42: 8 | C42: S12 | D42: PI1104 station | E42: PI1104 | F42: 1 | G42: EC | H42: Punch #17 | I42: Needed | J42: Confirm whether on site | K42: 4
A43: 02 | B43: 9 | C43: D1, D4, D10, D11, D23, D24 | D43: P-DOC-C-LR sensor | E43: P-DOC-C-LR | F43: 6 | G43: EC | H43: Punch #20, #21, #23-26 | I43: Needed | J43: Confirm whether on site | K43: 4
A44: 02 | B44: 10 | C44: S11, S15 | D44: Backbox for station | F44: 2 | G44: EC | H44: Punch #30, #31 | I44: Needed | J44: Confirm whether on site | K44: 4
A45: 03 | B45: 1 | C45: CT03LCPA | D45: I/O card | F45: 1 | G45: EC | H45: Punch #1 | I45: Needed | J45: Part number to follow; need to be ordered | K45: 5
A46: 03 | B46: 2 | C46: CT03LCPA | D46: DMX termination kit - UFMP4 run | F46: 1 | G46: EC | H46: Punch #3 | I46: Needed | J46: Need to be ordered | K46: 5
A47: 03 | B47: 3 | C47: CT03LCPA | D47: DMX termination kit - Level 02 run | F47: 1 | G47: EC | H47: Punch #4 | I47: Needed | J47: Need to be ordered | K47: 5
A48: 03 | B48: 4 | C48: CT03LCPB | D48: DMX termination kit - Level 04 run | F48: 1 | G48: EC | H48: Punch #7 | I48: Needed | J48: Need to be ordered | K48: 5
A49: 03 | B49: 5 | C49: CT03LCPB | D49: DMX termination kit - Level 02 run | F49: 1 | G49: EC | H49: Punch #8 | I49: Needed | J49: Need to be ordered | K49: 5
A50: 03 | B50: 6 | C50: UFMP4 #1 | D50: DMX termination kit - CT03LCPA or Level 04 run | F50: 1 | G50: EC | H50: Punch #10 | I50: Needed | J50: Need to be ordered | K50: 5
A51: 03 | B51: 7 | C51: UFMP4 #2 | D51: DMX termination kit - CT03LCPA or Level 04 run | F51: 1 | G51: EC | H51: Punch #11 | I51: Needed | J51: Need to be ordered | K51: 5
A52: 03 | B52: 8 | C52: S4, S9 | D52: PI1104 cover | F52: 2 | G52: EC | H52: Punch #13, #15 | I52: Needed | J52: Confirm whether on site (provided in box) | K52: 5
A53: 03 | B53: 9 | C53: D2 | D53: P-DOC-C-LR cover | F53: 1 | G53: EC | H53: Punch #16 | I53: Needed | J53: Confirm whether on site (provided in box) | K53: 5
A54: 03 | B54: 10 | C54: S6 | D54: PI1104 station (replacement) | E54: PI1104 | F54: 1 | G54: EC | H54: Punch #14 | I54: Needed | J54: Need to be ordered | K54: 5
A55: 03 | B55: 11 | C55: S8 | D55: PI1104 station | E55: PI1104 | F55: 1 | G55: EC | H55: Punch #17 | I55: Needed | J55: Confirm whether on site | K55: 5
A56: 03 | B56: 12 | C56: S11, S12, S13, S15, S16, S18 | D56: PI1002 station | E56: PI1002 | F56: 6 | G56: EC | H56: Punch #18-21, #29, #30 | I56: Needed | J56: Confirm whether on site | K56: 5
A57: 03 | B57: 13 | C57: D4, D8, D9 | D57: P-DOC-C-LR sensor | E57: P-DOC-C-LR | F57: 3 | G57: EC | H57: Punch #22-24 | I57: Needed | J57: Confirm whether on site | K57: 5
A58: 03 | B58: 14 | C58: D10 | D58: P-LS sensor | E58: P-LS | F58: 1 | G58: EC | H58: Punch #25 | I58: Needed | J58: Confirm whether on site | K58: 5
A59: 03 | B59: 15 | C59: UFMP4 #1 | D59: DMX termination kit - missing run | F59: 1 | G59: EC | H59: Punch #27 | I59: Needed | J59: Need to be ordered | K59: 5
A60: 03 | B60: 16 | C60: UFMP4 #2 | D60: DMX termination kit - missing run | F60: 1 | G60: EC | H60: Punch #28 | I60: Needed | J60: Need to be ordered | K60: 5
A61: 04 | B61: 1 | C61: CT04LCPA, CT04LCPB | D61: ERP-RTO card + jumper | E61: ERP-RTO | F61: 2 | G61: EC | H61: Punch #1, #25 | I61: Needed | J61: Need to be ordered | K61: 6
A62: 04 | B62: 2 | C62: CT04LCPA | D62: DMX termination kit - Level 06 run | F62: 1 | G62: EC | H62: Punch #3, #4 | I62: Needed | J62: Need to be ordered | K62: 6
A63: 04 | B63: 3 | C63: CT04LCPA | D63: DMX termination kit - Level 03 run | F63: 1 | G63: EC | H63: Punch #5 | I63: Needed | J63: Need to be ordered | K63: 6
A64: 04 | B64: 4 | C64: CT04LCPB | D64: DMX termination kit - Level 03 run | F64: 1 | G64: EC | H64: Punch #27 | I64: Needed | J64: Need to be ordered | K64: 6
A65: 04 | B65: 5 | C65: UFMP8 | D65: DMX termination kit - Level 06 run | F65: 1 | G65: EC | H65: Punch #32 | I65: On site | J65: Term kit in box | K65: 6
A66: 04 | B66: 6 | C66: S3, S4, S12 | D66: Backbox for station | F66: 3 | G66: EC | H66: Punch #15, #18, #36 | I66: Needed | J66: Confirm whether on site | K66: 6
A67: 04 | B67: 7 | C67: S3, S4 | D67: PI1104 station | E67: PI1104 | F67: 2 | G67: EC | H67: Punch #15, #36 | I67: Needed | J67: Confirm whether on site | K67: 6
A68: 04 | B68: 8 | C68: S6, S11, S12, S14 | D68: PI1002 station | E68: PI1002 | F68: 4 | G68: EC | H68: Punch #16-19 | I68: Needed | J68: Confirm whether on site | K68: 6
A69: 04 | B69: 9 | C69: D1, D2, D3, D4 | D69: P-DOC-C-LR sensor | E69: P-DOC-C-LR | F69: 4 | G69: EC | H69: Punch #20, #21, #39, #40 | I69: Needed | J69: Confirm whether on site | K69: 6
A70: 04 | B70: 10 | C70: Elec XX04-1E01 | D70: P-NSPS-D-KIT | E70: P-NSPS-D-KIT | F70: 1 | G70: EC | H70: Punch #29 | I70: Needed | J70: Confirm whether on site | K70: 6
A71: 04 | B71: 11 | C71: Conf XX04-3108A/B | D71: UHCI-WM partition sensor | E71: UHCI-WM | F71: 1 | G71: EC | H71: Punch #33 | I71: Needed | J71: Confirm whether on site | K71: 6
A72: 04 | B72: 12 | C72: Conf XX04-3108A/B | D72: Partition sensors | G72: EC | H72: Punch #35 | I72: Needed | J72: Confirm whether on site | K72: 6
A73: 04 | B73: 13 | C73: D7 | D73: P-LS sensor | E73: P-LS | F73: 1 | G73: EC | H73: Punch #43 | I73: Needed | J73: Confirm whether on site | K73: 6
A74: 06 | B74: 14 | C74: PI1002 #3 - Corridor XX06-C006 | D74: Backbox for station | F74: 1 | G74: EC | H74: Punch #14; Devices 06-S3 | I74: Needed | J74: Confirm whether on site | K74: 7
A75: 06 | B75: 15 | C75: PI1002 #2 / #3 - Corridor XX06-C006 | D75: PI1002 station | E75: PI1002 | F75: 2 | G75: EC | H75: Punch #13, #14 | I75: Needed | J75: Not installed; confirm whether devices are on site | K75: 7
A76: 06M | B76: 1 | C76: CT06LCPB | D76: ERP-FT-LVD (0-10V card) | E76: ERP-FT-LVD | F76: 1 | G76: EC | H76: Punch #1; Devices 06M-02 | I76: Needed | J76: Confirm whether on site | K76: 8
A77: 06M | B77: 2 | C77: Equipment rack | D77: 1U brush panel | F77: 1 | G77: EC | H77: Punch #3; Devices 06M-01 | I77: Needed | J77: Confirm whether on site | K77: 8
A78: 06M | B78: 3 | C78: Equipment rack | D78: ERn blank panel | F78: 1 | G78: EC | H78: Punch #4; Devices 06M-01 | I78: Needed | J78: Confirm whether on site | K78: 8
A79: 06M | B79: 4 | C79: Equipment rack | D79: DMX termination kit - B3B Elev Core C fixture run | F79: 1 | G79: EC | H79: Punch #5 | I79: Needed | J79: Need to be ordered | K79: 8
A80: 06M | B80: 5 | C80: Equipment rack | D80: DMX termination kit - B7 Stair A fixture run | F80: 1 | G80: EC | H80: Punch #6 | I80: Needed | J80: Need to be ordered | K80: 8
A81: 06M | B81: 6 | C81: Equipment rack | D81: DMX termination kit - spare DMX out runs | F81: 2 | G81: EC | H81: Punch #7 | I81: Needed | J81: Need to be ordered | K81: 8
A82: 06M | B82: 7 | C82: Equipment rack | D82: Fiber kit part | E82: SGN1253 | F82: 1 | G82: EC | H82: Connections C-06 | I82: Needed | J82: Need to be ordered | K82: 8
A83: 06M | B83: 8 | C83: Equipment rack | D83: Fiber kit part | E83: SGM1612 | F83: 1 | G83: EC | H83: Connections C-06 | I83: Needed | J83: Need to be ordered | K83: 8
A84: 06M | B84: 9 | C84: Equipment rack | D84: Fiber kit part | E84: SGN1021 | F84: 1 | G84: EC | H84: Connections C-06 | I84: Needed | J84: Need to be ordered | K84: 8
A85: 06M | B85: 10 | C85: CT06LCPB | D85: DMX termination kit - Level 09 run | F85: 1 | G85: EC | H85: Punch #2 | I85: Needed | J85: Need to be ordered | K85: 8
A86: 06M | B86: 11 | C86: CT06LCPB | D86: DMX termination kit - 6M Equipment Rack run | F86: 1 | G86: EC | H86: Punch #2 | I86: Needed | J86: Need to be ordered | K86: 8
A87: 06M | B87: 12 | C87: CT06LCPA | D87: DMX termination kit - Level 09 run | F87: 1 | G87: EC | H87: Punch #11, #12 | I87: Needed | J87: Need to be ordered | K87: 8
A88: 06M | B88: 13 | C88: CT06LCPA | D88: DMX termination kit - Level 04 run | F88: 1 | G88: EC | H88: Punch #11, #12 | I88: Needed | J88: Need to be ordered | K88: 8

Sheet Photo Log
A1: Photo Log
A2: Levels B2-06
A3: Level | B3: Photo | C3: Location | D3: Subject | E3: What it shows | F3: Device ID | G3: Floor Order | H3: Image
A4: B2 | B4: 1 | C4: Elec XXB2-2E02 | D4: CTB2LCPB - wires in ERP | E4: Relay panel open; network and Unison wires land in ERP. | F4: B2-01 | G4: 1
A5: B2 | B5: 2 | C5: Elec XXB2-2E02 | D5: P-NSPS-D - 48V jumper | E5: NSPS in enclosure; 48V jumper from power supply not landed. | F5: B2-03 | G5: 1
A6: B2 | B6: 3 | C6: Elevator Lobby B XXB2-C003 | D6: PI1002 S1 - missing cover | E6: Station on conduit box; no cover. | F6: B2-S1 | G6: 1
A7: B2 | B7: 4 | C7: Elevator Lobby B XXB2-C003 | D7: P-DOC-C-LR D1 - NI | E7: Conduit box open at ceiling; no device. | F7: B2-D1 | G7: 1
A8: B1 | B8: 1 | C8: Elec WTB1-1E01 | D8: CTB1LCPB / EBDK - moved | E8: Relay panel and EBDK in new location. | F8: B1-01, B1-02 | G8: 2
A9: B1 | B9: 2 | C9: Corridor XXB1-C009 | D9: P-DOC-W D1 - NI | E9: Box on conduit; no sensor. | F9: B1-D1 | G9: 2
A10: B1 | B10: 3 | C10: Corridor XXB1-C009 at Fan Room XXB1-2F01 | D10: P-DOC-W D2 - NI | E10: Box on conduit; no sensor. | F10: B1-D2 | G10: 2
A11: B1 | B11: 4 | C11: Corridor XXB1-C007 at Stair F XXB1-3S02 | D11: PI1002 S2 - NI | E11: Box present with wire; no station. | F11: B1-S2 | G11: 2
A12: B1 | B12: 5 | C12: Corridor XXB1-C007 | D12: P-DOC-W D5 - NI | E12: Empty box on wall. | F12: B1-D5 | G12: 2
A13: B1 | B13: 6 | C13: Corridor XXB1-C007 at Confident Waste XXB1-3017 | D13: P-DOC-W D6 - NI | E13: Empty box on wall. | F13: B1-D6 | G13: 2
A14: B1 | B14: 7 | C14: Corridor XXB1-C006 at Cart Wash XXB1-3007 | D14: P-DOC-W D7 - NI | E14: Empty box on wall. | F14: B1-D7 | G14: 2
A15: B1 | B15: 8 | C15: Corridor XXB1-C006 at Trash Compactor XXB1-2TC01 | D15: P-DOC-W D8 - NI | E15: Empty box on wall. | F15: B1-D8 | G15: 2
... A79: 06M | B79: 3 | C79: Below CT06LCPB | D79: EBDK | E79: Emergency Bypass Detection Kit, keyed, complete. | F79: 06M-03 | G79: 8

Sheet Lists
A1: Device status | B1: Tracking status | C1: Part status | D1: Connection status
A2: Complete | B2: Open | C2: Needed | D2: Complete
A3: Installed, untested | B3: In progress | C3: Ordered | D3: Installed, untested
A4: Issue | B4: Closed | C4: On site | D4: Issue
A5: Not installed | C5: Installed | D5: Not installed
A6: No access | D6: No access
D7: Not started
